HORSE,SIRE,DAM,DAMSIRE,LOC,TRAINER,OWNER,BREEDER
Abiding Star,Uncle Mo,Abiding,Dynaformer,FL,Edward Allard,Stonehedge LLC,Gilbert Campbell
Active Management,Bernardini,Harissa,Afleet Alex,KY,Chad Brown,"Klaravich Stables, Inc. and Lawrence, William H.",Adena Springs
Adelberg,Eskendereya,Timuquana,Smart Strike,FL,Todd Pletcher,Donald R. Dizney LLC,Dizney Double Diamond LLC
Adios Reality,Tapit,Dream Rush,Wild Rush,KY,Bob Baffert,"Stonestreet Stables LLC, Magnier, Susan., Tabor, Michael B. and Smith, Derrick",Stonestreet Thoroughbred Holdings LLC
Admiralty,Trappe Shot,Winning Call,Deputy Minister,KY,Bob Baffert,"Juddmonte Farms, Inc.",Oak Ridge Farm & Fred Allor
Adulator,Flatter,Need,Strong Hope,KY,James Jerkens,Centennial Farms,Claiborne Farm
Adventist,Any Given Saturday,Sharp Minister,Deputy Minister,KY,Leah Gyarmati,Treadway Racing Stable,Monticule
Air Force Blue,War Front,Chatham,Maria's Mon,KY,Aidan O'Brien,"Tabor, Michael B., Magnier, Mrs. John, and Smith, Derrick",Stone Farm
Air Vice Marshal,War Front,Gold Vault,Arch,KY,Aidan O'Brien,"Tabor, Michael B., Smith, Derrick, Magnier, Mrs. John and Allen, Joseph",Cherry Valley Farm LLC
Airman's Creed,Distorted Humor,Wild Poppy,El Prado (IRE),KY,D. Wayne Lukas,"Zayat Stables, LLC",Bryant H. Prentice III 
Airoforce,Colonel John,Chocolate Pop,Cuvee,KY,Mark Casse,John C. Oxley,Stewart M. Madison
Algenon,Aragorn (IRE),Alpine Yodel,Swiss Yodeler,KY,Len Kasmerski,Rozamund Barclay,Rozamund Barclay 
All World,Curlin,Marquet Rent,Marquetry,KY,Todd Pletcher,Eclipse Thoroughbred Partners,Town & Country Farms
Allaboutaction,Candy Ride (ARG),Coolwind,Forest Wildcat,KY,Jerry Hollendorfer,"Mark Dedomenico LLC, Hollendorfer, Jerry and Todaro, George",Carhue Investments & Paget Bloodstock
Alpha Team,Mineshaft,April Frost,Dynaformer,KY,William Mott,"Zayat Stables, LLC",G. Watts Humphrey Jr & St. George Farm LLC
American Dubai,E Dubai,Smash Review,Bates Motel,VA,Rodney Richards,Richard Keith,Mr. C. Oliver Iselin III
American Freedom,Pulpit,Gotcha Last,Pleasant Tap,KY,Bob Baffert,"West, Gary and Mary",Centaur Farms Inc
American Pioneer,Awesome Again,Makoma,Malibu Moon,KY,Wayne Catalano,"West, Gary and Mary",Forging Oaks LLC
American Promise,American Lion,Coming Home Queen,Came Home,NY,Pavel Matejka,Preston Stables LLC and Prestonwood Racing LLC,Dr. Patricia Saskowski
Amis Gizmo,Giant Gizmo,Galloping Ami,Victory Gallop,ON,Josie Carroll,Dalos,Tall Oaks Farm
Ample Sufficiency,English Channel,Between Raindrops,A.P. Indy,KY,Dermot Weld,Calumet Farm,Calumet Farm
An Khe Pass,Old Fashioned,Castlebrook,Montbrook,KY,Jerry Hollendorfer,"Fox Hill Farms, Inc.",Town & Country Farms
Annals of Time,Temple City,Lemon Haze,Distant View,KY,Chad Brown,"Klaravich Stables, Inc. and Lawrence, William H.",Monticule
Annual Report,Harlan's Holiday,Pension,Seeking the Gold,KY,Kiaran McLaughlin,Godolphin Racing LLC,Gainesway Thoroughbreds Ltd
Arabian Leopard,Scat Daddy,Antoinette,Silver Hawk,KY,Bob Baffert,Sheikh Mohammed bin Khalifa al Maktoum,Douglas S. Arnold Jr
Arrogate,Unbridled's Song,Bubbler,Distorted Humor,KY,Bob Baffert,"Juddmonte Farms, Inc.",Clearsky Farms
Attraction,Blame,Sweet Temptress,Malibu Moon,KY,"Albert Stall, Jr.","Claiborne Farm and Dilschneider, Adele B.",Claiborne Farm & Adele B. Dilschneider
Avast Matey,Birdstone,Pawley Girl,Not for Love,KY,Ralph Nicks,"PHS Racing, LLC",PHS Racing LLC
Awesome Banner,Awesome of Course,Miranda Stands,Zamindar,FL,Stanley Gold,"Jacks or Better Farm, Inc.",Jacks or Better Farm Inc
Awesome Gent,Awesome Again,Pawnee Patti,Sir Richard Lewis,NY,Todd Pletcher,Burning Sands Stable LLC,Burning Sands Stable LLC
Awesome Slew,Awesome Again,Slewfoundmoney,Seeking the Gold,FL,"Edward Plesa, Jr.",Live Oak Plantation,Live Oak Stud
Awesome Speed,Awesome Again,Speedy Escape ,Aptitude,KY,Alan Goldberg,Colts Neck Stables LLC,Allen Poindexter & Adena Springs
Azar,Scat Daddy,Miss Ocean,Mineshaft,KY,Todd Pletcher,"Alto Racing, LLC",Mike Connelly
Aztec Sense,Street Sense,Aztec Pearl,A.P. Indy,KY,Dallas Stewart,Charles E. Fipke,Charles Fipke
Back Togetheragain,Eddington,Together Again,Johannesburg,KY,Wallace Howard,Joseph Witt,Joshua Jones
Bar None,Candy Ride (ARG),Purrfectly,Storm Cat,KY,Mark Casse,Richard C. Pell,Richard D. Holder
Battery,Bernardini,Flawless Diamond,Saint Ballado,ON,Todd Pletcher,"Harrell Ventures, LLC",Anderson Farms (Ontario) Inc
Battle Tap,Smart Strike,War Echo,Tapit,KY,Steven Asmussen,Winchell Thoroughbreds LLC,Winchell Thoroughbreds LLC
Benediction,Pulpit,Twist,Johannesburg,KY,William Mott,WinStar Farm LLC,Redmon Farm LLC
Big Red Rocket,Summer Bird,See Rock City,Tapit,KY,Bob Baffert,"Frank Fletcher Racing Operations, Inc.",Fredericka V. Caldwell & Mitchell Skilnick
Big Squeeze,Lemon Drop Kid,Tattinger Rose ,Menifee,KY,Garry Simms,"Travis, Burr J., Morgeson, Jay A., Morgeson, Philip J., Weston, Steve et al.",Mike G. Rutherford
Billy's Kitten,Kitten's Joy,Exceedexpectations,Tale of the Cat,KY,Chad Brown,"Ramsey, Kenneth L. and Sarah K.",Kenneth L. Ramsey & Sarah K. Ramsey
Bird of Trey,Birdstone,Take Me Home Too,Came Home,PA,John Servis,JRita Young Thoroughbreds LLC,JRita Young Thoroughbreds LLC
Bird Song,Unbridled's Song,Bird Town,Cape Town,KY,Nicholas Zito,Marylou Whitney Stables LLC,Marylou Whitney Stables LLC
Bistraya,Haynesfield,Lady Giselle,Broad Brush,LA,Ricky Agarie,LeeAnn Ohanesian,Avalon Farms Inc
Black Ops,Hard Spun,Rendition,A.P. Indy,KY,Rodney Richards,Richard Keith,"G. Watts Humphrey Jr., Susie Keller, Olver & G. Watts Humphrey III"
Blue Creek (GB),Street Cry (IRE),Blue Bunting,Dynaformer,GB,Charles Appleby,Godolphin Racing LLC,Darley
Boalt Hall,Scat Daddy,Motion to Compel,Yonaguska,KY,Todd Pletcher,Stonestreet Stables LLC,Bend Or Thoroughbreds USA
Bodestar,Exchange Rate,Red Piano,Red Ransom,KY,Michael Tomlinson,Suzanne Stables,Suzanne Stables 
Bombard,War Front,Witty,Distorted Humor,KY,Richard Mandella,Raydelz Stable,Raydelz Stable
Bombs Away,Smart Strike,Protesting,A.P. Indy,KY,Claude McGaughey III,Phipps Stable,Phipps Stable
Brody's Cause,Giant's Causeway,Sweet Breanna,Sahm,KY,Dale Romans,Albaugh Family Stable,"Gabriel Duignan, William Arvin Jr. & Petaluma Bloodstock"
Butler Field,Malibu Moon,Wasted Tears,Najran,KY,Chad Brown,Woodford Racing LLC,Bart Evans & Stonehaven Steadings 
Cadeyrn,Malibu Moon,Dream Street,Tale of the Cat,KY,Jeremiah Englehart,Tom O'Grady,"T. F. VanMeter, Gaines-Gentry Throughbreds & Fox Strauss"
Can't Remember,Misremembered,Stormy Kristine,Storm Creek,KY,Bob Baffert,Gary Broad,Richard J. Forbush & The Misremembered Syndicate
Candy My Boy,Candy Ride (ARG),Runaway Rosie,Include,KY,Roger Brueggemann,Frank Mancari,Craig B. Singer
Cape Nelo,Cape Blanco (IRE),Misinjennuous,Tapit,KY,Michael Curtis,John Bochis,Rino Ungaro
Cards of Stone,Bustin Stones,Shuffle the Deck,High Yield,NY,Todd Pletcher,"Highclere America, McConnell Racing Stable, Wachtel Stable, and Bilinski, D.",Roddy Valente & Thomas Lemme
Caribbean,Harlan's Holiday,Soloing,Runaway Groom,KY,Todd Pletcher,"Eclipse Thoroughbred Partners and Barber, Gary",Mill Ridge Farm LTD & NATO
Casigordo,Arch,Leonor Fini (IRE),Peintre Celebre,NY,Roderick Rodgriguez,J. Stables (Guerrero),Gallaghers Stud
Catapult,Kitten's Joy,Gata Bella,Storm Cat,KY,Chad Brown,"Woodford Racing, LLC",Breffni Farm
Charmed Victory,Flatter,American Victory,Victory Gallop,MD,Rodney Jenkins,"Hillwood Stable LLC and Golden, Richard L.",Sycamore Hall Thoroughbreds LLC
Cherry Wine,Paddy O'Prado,C.S. Royce,Unbridled's Song,KY,Dale Romans,"Pacella, William and Jones, Jr., Frank L.","Pacella Racing, Frank L. Jones Jr., Frank Shoop"
Classic Ride,Fusaichi Pegasus,Morgan's Gold,Touch Gold,GA,Bobby Barnett,Dennis Morgan,Dennis Ralph Morgan
Classy Bird,Birdstone,Classy Aly ,Sky Classic,LA,Lonnie Briley,"Norman Stables, LLC",Allen Guillotte Jr.
Clear the Way,Fort Prado,Dotted Swiss,Swiss Yodeler,KY,Philip D'Amato,"Fanticola, Anthony and Scardino, Joseph",Richard Forbush
Coach Q,Super Saver,Quiet Kim,Real Quiet,KY,Bob Baffert,"Watson, Karl, Pegram, Michael E. and Weitman, Paul",Winstar Farm LLC
Cocked and Loaded,Colonel John,Catch the Moon,Malibu Moon,KY,Larry Rivelli,"Ravin, Richard and Patricia's Hope LLC",Bob Austin & John Witte
Cold Blood,Flatter,Kathy K D,Saint Ballado,KY,Enrique Sanchez,Rontos Racing Stable Corp.,Dr. & Mrs. Walter Zent & Tony Ho
Collected,City Zip,Helena Bay (GB),Johannesburg,KY,Bob Baffert,Speedway Stable LLC,Runnymede Farm Inc & Peter Callahan
Collective Wisdom,Quiet American,Toccet Over,Toccet,FL,Michael Dilger,"Hick Stead Farm, Hannon, Chris and Hannon, Nicki",Hickstead Farm
Colonel Dan,Colonel John,Balmy,Salt Lake,KY,Wesley Hawley,Daniel Whitlow,Doug Cauthen & Casner Racing LP
Commend,War Front,Praise,Mr. Prospector,KY,William Mott,"Claiborne Farm and Dilschneider, Adele B.",Claiborne Farm & Adele B. Dilschneider
Condominium,Tiznow,Garden Distric,Dixie Union,KY,D. Wayne Lukas,"Baker, Robert C. and Mack, William L.",Lochlow Farm
Conquest Big E,Tapit,Seeinsbelieven,Carson City,KY,Mark Casse,"Conquest Stables, LLC",Gainesway Thoroughbreds Ltd
Conquest Daddyo,Scat Daddy,Hanginbyamoment,Thunder Gulch,ON,Mark Casse,"Conquest Stables, LLC","James Everatt, Janeane Everatt & Arika Everatt-Meeuse"
Conquest Harlequin,Harlan's Holiday,Time for a Crown,Time for a Change,FL,Mark Casse,"Conquest Stables, LLC",Prince Farm
Conquest Streetwar,Street Cry (IRE),Never is a Promise,Capote,KY,Mark Casse,"Conquest Stables, LLC",SF Bloodstock
Conquest Superstar,Uncle Mo,Being Anna,Aldebaran,KY,Mark Casse,"Conquest Stables, LLC",Hare Forest Farm LTD
Conquest Windycity,Tiznow,Lasting Appeal,A.P. Indy,KY,Mark Casse,"Conquest Stables, LLC",Winstar Farm LLC
Cotton Town,Hat Trick (JPN),Cotton Club Ballet,Street Cry (IRE),KY,D. Wayne Lukas,Calumet Farm,Runnymede Farm Inc & The Peter J. Callahan Revocable Trust
Creator,Tapit,Morena (Per),Privately Held,KY,Steven Asmussen,WinStar Farm LLC,Mt. Brilliant Broodmares I LLC
Crescent Drive,Flower Alley,Patience Drive,Pulpit,KY,Darwin Banach,John Stephen McDonald,Eugene Melnyk 
Cupid,Tapit,Pretty 'n Smart,Beau Genius,KY,Bob Baffert,"Tabor, Michael B., Magnier, Mrs. John, and Smith, Derrick",JKG Thoroughbreds LLC
Curlin Rules,Curlin,Awe That,Boundry,KY,John Sadler,Hronis Racing LLC,W. S. Farish
Cutacorner,Even the Score,Pathologist,Gone West,KY,Jack Van Berg,Kay Stillman,Millennium Farms
Danebury,Super Saver,That's Ok,Not for Love,NY,Eddie Kenneally,Kildare Stud and Bloodstock Management Stable,Eaton & Thorne Inc
Danzing Candy,Twirling Candy,Talkin and Singing,Songandaprayer,KY,"Clifford Sise, Jr.","Halo Farms, Bashor, Jim and Bashor, Diane",Halo Farms
Dazzling Gem,Misremembered,Dazzler,Vindication,KY,Brad Cox,Steve Landers Racing LLC,Lisa Reynolds & Jennifer Feiner
Decorated Soldier,Proud Citizen,Lakenhealth,Colonial Affair,KY,Todd Pletcher,Eclipse Thoroughbred Partners,Green Lantern Stables LLC
Demonslayer,Tale of the Cat,Impressive Miss,Matthews Keep,CA,Richard Baltas,Cicero Farms,Barbara J. Ranck
Denman's Call,Northern Afleet,Maggie McGowan,Salt Lake,KY,Doug O'Neill,"W. C. Racing, Verge, Mark W. and Gilman Stables","W. C. Racing, Milt Gilman & Mark Verge"
Deserved,Flatter,Just,Awesome Again,KY,William Mott,"Claiborne Farm and Dilschneider, Adele B.",Claiborne Farm & Adele B. Dilschneider
Destin,Giant's Causeway,Dream of Summer,Siberian Summer,KY,Todd Pletcher,"Twin Creeks Racing Stables, LLC",James C. Weigel & Taylor Made Stallions Inc 
Diplodocus,Sky Mesa,Speciality,Carson City,KY,Richard Baltas,Bloom Racing Stable LLC (Jeffrey Bloom) and Head of Plains Partners LLC,Oxley TCF Stallions et all & Robert Losey
Direct Message,Bernardini,Tweeter,Unbridled's Song,KY,Thomas Albertrani,Godolphin Racing LLC,Marylou Whitney Stables LLC
Discreetly Firm,Discreetly Mine,Sweet Rider,Seeking the Gold,KY,William Fires,Xpress Thoroughbreds LLC.,Courtlandt Farm
Discreetness,Discreet Cat,Fondness,Elusive Quality,KY,William Fires,Xpress Thoroughbreds LLC.,Trackside Farm & Tenlane Farm
Divine Shift,Harlan's Holiday,Bees,Rahy,KY,Reade Baker,"Zayat Stables, LLC",Charles Fipke
Dixie Runner,Flatter,Dixie Crisp,Dixieland Band,KY,Chad Brown,"LaPenta, Robert V., Bridlewood Farm and Sheep Pond Partners","A. R. Enterprises, Hollendorfer, Todaro & Bluegrass Farm Partners"
Doctor Mounty,Street Sense,On a Roll,A.P. Indy,KY,Claude McGaughey III,"Pratt, Larry and Alden, Dave","G. Watts Humphrey Jr., Susie Keller, Olver & G. Watts Humphrey III"
Dolphus,Lookin At Lucky,Lotta Kim,Roar,KY,Joe Sharp,Dede McGehee,Heaven Trees Farm
Don't Be So Salty,Tiz Wonderful,Unbridled Salt,Unbridled's Song,FL,Gary Contessa,"Platinum Seven LLC, Guarino, Dan and Boutelle, Julia C.",John A. DeVault III & Sue S. DeVault
Donegal Moon,Malibu Moon,Perfect Cause ,Giant's Causeway,KY,Todd Pletcher,Donegal Racing,Patchen Wilkes Farm LLC
Drefong,Gio Ponti,Eltimaas,Ghostzapper,KY,Bob Baffert,Baoma Corporation,"Frederick M. Allor, Michael T. Barrett, Anthony M. Warrender"
Dressed in Hermes,Hat Trick (JPN),Elusive Fashion,Elusive Quality,KY,Janet Armstrong,Budget Stable,Budget Stables
Driven West,Awesome Again,Abba Gold,Devil's Bag,KY,Bob Baffert,"West, Gary and Mary",Five-D Thoroughbreds LLC
Economic Model,Flatter,Queen of America,Quiet American,KY,Chad Brown,"Klaravich Stables, Inc. and Lawrence, William H.",Claiborne Farm
Eddie Haskell,Square Eddie,Teresa Ann,Boston Harbor,CA,Doug O'Neill,Reddam Racing LLC,Reddam Racing LLC
Ekati Wildcat,Tale of Ekati,Danish Wildcat,Danehill,KY,Roger Attfield,Charles E. Fipke,Charles Fipke
El Charro,Put It Back,Fairy Valley,Dixieland Band,FL,David Jacobson,Golden Legacy Stable LLC,Cherie M. Abner & Michael A. Bossio
Emoji Man,Quality Road,Social Scene,Tabasco Cat,KY,D. Wayne Lukas,"Zayat Stables, LLC","John Mulholland, Martha Jane Mulholland & Pegasus Stud, LLC"
Engram,Street Hero,Kristy Beethoven,Kris S.,KY,Ricky Agarie,"Cho, Raxon, Elevated Bloodstock, Inc. and Agarie, Ricky",Myung Kwon Cho
Enroute,Bernardini,Dubai Belle,Mr. Prospector,KY,Thomas Albertrani,Godolphin Racing LLC,Darley
Eric the Trojan,More Than Ready,Catchofthecentury,Carson City,KY,Peter Miller,Rockingham Ranch,Mike Abraham
Esposito,Ghostzapper,Money My Honey,Red Bullet,ON,Thomas Proctor,Chartwell Partnership,Adena Springs
Eternal Bird,Tiznow,Bird Legacy,Mineshaft,KY,Nicholas Zito,Marylou Whitney Stables LLC,Marylou Whitney Stables LLC
Exaggerator,Curlin,Dawn Raid,Vindication,KY,Keith Desormeaux,"Big Chief Racing, LLC, Rocker O Ranch, LLC and Desormeaux, J. Keith",Joseph B. Murphy
Fashionable Freddy,Tiznow,High Button Shoes,Carson City,KY,Nicholas Zito,My Meadowview Farm LLC,My Meadowview LLC
Fellowship,Awesome of Course,Go Girlfriend Go,Demidoff,FL,Stanley Gold,"Jacks or Better Farm, Inc.",Jacks or Better Farm Inc.
Fetisov,Smart Strike,Molto Vita,Carson City,KY,Todd Pletcher,John D. Gunther,John D. Gunther
Fish Trappe Road,Trappe Shot,Electric Shock,Cure the Blues,NY,W. Bret Calhoun,Martin Racing Stable LLC,Rhapsody Faarm LLC & Jon Davis
Flexibility,Bluegrass Cat,Santa Vindi,Vindication,NY,Chad Brown,"Klaravich Stables, Inc. and Lawrence, William H.",Winstar Farm LLC
Flora Dora (f),First Dude,Aidan,Dixieland Band,FL,Marialice Coffey,Coffeepot Stables,Dizney Double Diamond LLC
Flying Bullet,Smart Strike,Perfect Sting,Red Ransom,KY,Dermot Weld,Stronach Stables,Adena Springs
Forevamo,Uncle Mo,Candlelightdinner,Slew Gin Fizz,FL,"Albert Stall, Jr.",Brittlyn Stables,Ocala Stud
Forever Bernardini,Bernardini,Cry and Catch Me,Street Cry (IRE),KY,"Edward Plesa, Jr.",Live Oak Plantation,Live Oak Stud
Forever d'Oro,Medaglia d'Oro,Lemons Forever,Lemon Drop Kid,KY,Dallas Stewart,Charles E. Fipke,Charles Fipke
Fort Smith,Scat Daddy,Kit's Girl,Carson City,KY,William Van Meter,"Shortleaf Stable, Inc.",Reiley McDonald
Found Money,Square Eddie,Chanel My Belle,General Meeting,CA,Doug O'Neill,Reddam Racing LLC,Reddam Racing LLC
Foxtrot Charlie,English Channel,Flashy Four,Storm Cat,KY,Dermot Weld,Calumet Farm,Calumet Farm
Frank Conversation,Quality Road,Rushen Heat,Unusual Heat,KY,Doug O'Neill,Reddam Racing LLC,Marc Keller
Freemark,Smart Strike,Carolyn's Cat,Forestry,KY,Bob Baffert,"Stonestreet Stables LLC, Magnier, Susan., Tabor, Michael B. and Smith, Derrick",Mr. & Mrs. W. K. Warren Jr.
French Getaway,Giant's Causeway,Modesty Blaise,A.P. Indy,KY,"Robert Hess, Jr.",Schroeder Farms LLC,Flaxman Holdings Limited
Galileo's Spear (FR),Galileo (IRE),Lady Shakespeare,Theatrical (IRE),FR,Alain de Royer Dupre,Charles E. Fipke,Charles Fipke
Ganges,Gio Ponti,Shy Baby,Out of Place,LA,Pavel Matejka,Preston Stables LLC and Prestonwood Racing LLC,Neal McFadden
General Macarthur,War Front,Imagine (IRE),Sadler's Wells,KY,Aidan O'Brien,"Nagle, Mrs. David and Magnier, Mrs. John",Barronstown Stud
Get Jets,Scat Daddy,Sunny,Dixieland Band,NY,Anthony Dutrow,Team D,Pat Pavlish
Gettysburg,Pioneerof the Nile,L.A. Devine,Pulpit,KY,Todd Pletcher,WinStar Farm LLC,Whisper Hill Farm
Giant Trick,Neko Bay,Subterfuge,Favorite Trick,TX,Jack Van Berg,Jerry Caroom,Eureka Thoroughbred Farm
Gift Box,Twirling Candy,Special Me,Unbridled's Song,KY,Chad Brown,W. S. Farish,"Machmer Hall, Carrie Brogden & Craig Brogden"
Gimlet,Lemon Drop Kid,Aurelia,Danzig,KY,Todd Pletcher,Eclipse Thoroughbred Partners,"Alexander, Groves & Matz"
Giopress,Gio Ponti,Empiress,Empire Maker,KY,Reina Gonzalez,"Bresciani, Al, Waterson, Cindy and Waterson, Tom",J.D. Squires & P. Frank Gardner
Glenn Coco,Ghostzapper,Northglen,St. Jovite,ON,Reade Baker,"Zayat Stables, LLC",Devonleigh Farms
Goats Town,Dublin,A.P. Petal,A.P. Indy,KY,D. Wayne Lukas,Calumet Farm,Calumet Farm
Good for It,Neko Bay,Our Good Fortune,Tale of the Cat,KY,"Clifford Sise, Jr.",Maria Shontere,Carpe Diem Stables
Governor Malibu,Malibu Moon,Akilina,Langfuhr,NY,Christophe Clement,Jump Sucker Stable and Oak Bluff Stables,Richard Leahy Oak Bluff Stables
Grand Max,War Front,Magnificent Honour,A.P. Indy,KY,Gustavo Delgado,Grupo 7C Racing Stable,Barronstown Stud
Grand Nenuco,Lookin At Lucky,Highshift,St. Jovite,KY,Gustavo Delgado,Grupo 7C Racing Stable,Kim Nardelli & Rodney Nardelli
Gray Sky,Tapit,Trickski,Peteski,KY,D. Wayne Lukas,"Baker, Robert C. and Mack, William L.",Mike Abraham
Great Dane,Awesome Again,Canary Diamond,Alphabet Soup,KY,Bob Baffert,Michael Lund Petersen,Adena Springs
Greenpointcrusader,Bernardini,Ava Knowsthecode,Cryptoclearance,KY,Dominick Schettino,"St. Elias Stable, MeB Racing Stables LLC and Brooklyn Boyz Stables",Oakbrook Farm
Gulf of Mexico,Bernardini,Spice Island,Tabasco Cat,KY,Chad Brown,Woodford Racing LLC,Hunter Valley
Gun Runner,Candy Ride (ARG),Quiet Giant,Giant's Causeway,KY,Steven Asmussen,Winchell Thoroughbreds LLC and Three Chimneys Farm,Besilu Stables LLC
Gwynn Oak Park,Candy Ride (ARG),Maxine's Hymn,Seeking the Gold,KY,Michael Trombetta,"Meyerhoff, Harry C. and Tom O.",W. S. Farish & E. J. Hudson Jr. Irrevocable Trust
Hammers Vision,Court Vision,Baytree,Forestry,ON,Brian Lynch,Terry Hamilton,Donver Stable
Hand of Power,Candy Ride (ARG),Hand Crafted,Mineshaft,KY,Ian Wilkes,"Lothenbach Stables, Inc.",W. S. Farish 
Happy Match,Tiznow,Sumptuous,Hennessy,KY,Dale Romans,West Point Thoroughbreds,Stonestreet Thoroughbred Holdings LLC
Hard Hitter,Flatter,Shawl,Medallist,KY,Linda Rice,Whitehall Stable,Mr. & Mrs. Leverett S. Miller
Hard Study,Big Brown,Hard Call,Rock Hard Ten,KY,Todd Pletcher,"Paul S. Pompa, Jr.",Paul Pompa Jr.
Hardly Home,Hard Spun,Home Rule,Empire Maker,KY,Claude McGaughey III,"Stuart S. Janney, III",Stuart S. Janney III LLC
Harlan Punch,Harlan's Holiday,Indy Punch,Pulling Punches,KY,Thomas Amoss,Rosemont Farm LLC,Rosemont Farm LLC
Hatter,Medaglia d'Oro,Little Bonnet,Coronado's Quest,KY,Thomas Albertrani,Godolphin Racing LLC,Darley
Hawk,Fusaichi Pegasus,Flask,Maria's Mon,KY,Richard Mandella,"Stone Farm and Sutton, Joseph W.",Stone Farm & Joseph W. Sutton
Henry the King,Henrythenavigator,Society Gal,Linkage,KY,Gregory Sacco,"Rising Sun Racing Stables, Inc.",Kim Nardelli & Rodney Nardelli
Highly Prized (GB),Manduro (GER),Razzle,Danzig,GB,Niall Saville,Signal Hill Farms,Juddmonte Farms LTD
Hint of Roses,Tapit,Last Kitten,Catienus,KY,Michael Maker,"Ramsey, Kenneth L. and Sarah K.",Kenneth L. Ramsey & Sarah K. Ramsey
Hit It a Bomb,War Front,Liscanna (IRE),Sadler's Wells,KY,Aidan O'Brien,Mrs. Evelyn M. Stockwell,Mrs. E. Stockwell
Hoffenheim,Midnight Lute,Circumstance,Vindication,KY,Bob Baffert,"Kaleem Shah, Inc.",Gaines-Gentry Thoroughbreds
Hollywood Strike,Smart Strike,Hollywood Story,Wild Rush,KY,John Shirreffs,George Krikorian,George Krikorian
Hot Item,Tapit,Mamselle Nanette,Southern Halo,KY,Bob Baffert,"West, Gary and Mary",Gary & Mary West Stables Inc
Huntin'theholidays,Jump Start,Holiday Chills,Harlan's Holiday,PA,Gerald Brooks,"Levengood, Alexander R. and Clark, Ronald",Horse Shoe Valley Equine
I Will Score,Roman Ruler,Grassy Nellie,Belong to Me,KY,Jerry Hollendorfer,Hans Poetsch,Hans Poetsch
I. M. Mighty,Saintly Prospect,Pretty Wild Magic,Pretty Wild,PA,T. Houghton,Lori Lange,Lori Lange
I'malreadythere,Crown of Thorns,Wildfire Ruby,Wild Event,FL,Jerry Hollendorfer,"Melen, Steve, Robertson, Richard A., Taub, Steve and Hollendorfer, Jerry",Thomas J. Lane DVM
Ifyousnoozeyoulose,Wilburn,Imastorming,Hennessy,KY,Michael Maker,"Ramsey, Kenneth L. and Sarah K.",Bluegrass Farms Partners Inc
Ima Monster,Delaware Township,Lucy Quatorze,Louis Quatorze,PA,Adam Phillips,Solange Chadda,Maui Meadow Farm
In Equality,Quality Road,Inish Glora,Regal Classic,KY,Leah Gyarmati,Treadway Racing Stable,Robert J. Costigan
Inside Straight,Super Saver,Dance Alexa,Southern Halo,NY,Todd Pletcher,WinStar Farm LLC,SF Bloodstock
Irish,Paddy O'Prado,Class Choice,Peaks and Valleys,KY,Craig Dollase,West Point Thoroughbreds,Nursery Place & Robert Manfuso
Is Trevor Clever,Tale of the Cat,Long N Lanky,Cozzene,KY,Peter Miller,Richard C. Pell,Hickory Tree Farm LLC
Isofass,Rodman,Lucky Mama,El Corredor,FL,Francis Abbott III,DB DOJO LLC,Woodford Thoroughbreds
Isotherm,Lonhro (AUS),Game for More,More Than Ready,KY,George Weaver,Matthew Schera,H. Allen Poindexter
It's The Ice (GB),Sakhee's Secret (GB),Vodka Shot,Holy Bull,GB,Philip D'Amato,Little Red Feather Racing,Mr. & Mrs. R. Newman
Its All Relevant,Hard Spun,Ender's Sister,A.P. Indy,KY,Dominick Schettino,MeB Racing Stables LLC and Brooklyn Boyz Stables,Green Lantern Stables LLC
Japhir,Giant's Causeway,Twisted Sis,A.P. Indy,KY,William Mott,"Zayat Stables, LLC",George Bolton & Charles Bolton
Jay's Way,Gone Astray,Charms Way,Salt Lake,FL,Jamie Ness,"Midwest Thoroughbreds, Inc.",Jim Davis
Jazzy Times,Discreetly Mine,Jazzy Melissa,Grand Slam,KY,Bob Baffert,"Zayat Stables, LLC",RDurham Racing LLC
Jess I Am,Eskendereya,Souma,Mr. Greeley,KY,"John Terranova, II","Zayat Stables, LLC",Zayat Stables LLC
John Q. Public,Proud Citizen,Tender Storm,Honour and Glory,KY,Ian Wilkes,"Holy Cow Stable, LLC",William H. Tite III
Journey by Sea,J P's Gusto,Settling Seas,Stormy Atlantic,FL,Bob Baffert,"Dickman Legacy Ranch, LLC",Brent Fernung & Crystal Fernung
Judaman,Macho Uno,All the Colors,Red Ransom,KY,D. Wayne Lukas,"Zayat Stables, LLC",John Pearman
Justin Squared,Zensational,Graciously Soft,Vindication,KY,Bob Baffert,"Zayat Stables, LLC",Sun Valley Farm
Kasseopia (GB),Showcasing (GB),Dream Again (GB),Medicean (GB),GB,H. Graham Motion,"Team Valor International and Barber, Gary",Cheveley Park Stud LTD
Kelly Tough,Quality Road,What Do I Do,Two Smart,MD,"Edward Plesa, Jr.","Melin, David, Ellman, Leon and Plesa, Laurie",R. Larry Johnson
Kenji's Giant,Giant's Causeway,Love Lock,Silver Ghost,KY,George Paparodormou,"KM Racing Enterprise, Inc.",Chelston
King Kranz,Munnings,Queen Congie,Henny Hughes,KY,"John Terranova, II","Zayat Stables, LLC",Bob Austin & Alice Austin
Kismet's Heels,Tapit,West Coast Swing,Gone West,KY,Todd Pletcher,JSM Equine,Winstar Farm LLC
Kiss Limit,Sky Classic,True Up,Stephen Got Even,KY,Michael Maker,William J. Butler,Jacqueline Gibbons Wammock
Knights Key,Giant's Causeway,Lemon Kiss,Lemon Drop Kid,KY,Steve Hobby,"Lieblong, Alex and JoAnn",Mark Gittins
Lani,Tapit,Heavenly Romance (JPN),Sunday Silence,KY,Mikio Matsunaga,Yoko Maeda,North Hills Co Limited
Laoban,Uncle Mo,Chattertown,Speightstown,KY,Eric Guillot,McCormick Racing LLC and Southern Equine Stable LLC,Respite Farm
Latest Craze,Super Saver,Charity Girl,Pulpit,KY,Bob Baffert,"West, Gary and Mary","TK Stables LLC, Jose S. Rodarte & Modo Tesio Equine LLC"
Let Me Go First,Paddy O'Prado,Aspen Mountain,Chief Seattle,KY,Blane Servis,"Hansen, Kendall E. and Servis, Blane",Spendthrift Farm LLC
Let's Meet in Rio,Flatter,Rio Carnival,Storm Cat,KY,Bob Baffert,"Juddmonte Farms, Inc.",Juddmonte Farms LTD
Liam the Charmer,Smart Strike,Charm the Giant (IRE),Giant's Causeway,KY,Michael McCarthy,"Warren, Jr., Mr. and Mrs. William K.",Ron McAnally & Deborah McAnally
Life Is a Trip,Many Rivers,Tadita,Indian Charlie,CA,Jerry Hollendorfer,"Hollendorfer, Jerry and Janet and Todaro, George","Jerry Hollendorfer, Janet Hollendorfer & George Todaro"
Little Mo,Uncle Mo,Motivated Sreva,Lear Fan,KY,Carlo Vaccarezza,"Little Dreams Racing and Screnci, Stephen",Jayde Inc
Lookin for a Kiss,Lookin At Lucky,Blowing Kisses,Vindication,KY,Dale Romans,Michael Bruder,"Betz, CoCo Equine, Blackburn, J. Betz, Ramsby & CNHHNK"
Lost Iron,Flatter,Vanquished,Empire Maker,KY,William Mott,"Clarke, H., Braverman, P., Albstein, A., Murray, T. and Robertson, C.",Dorothy A. Matz
Lubsen,Eskendereya,Secret File,Smart Strike,KY,Rudy Rodriguez,"Zayat Stables, LLC",Borges Torrealba Holdings Inc
Luna de Loco,Malibu Moon,Fancy Prancer,Bertrando,KY,Steven Asmussen,Calumet Farm,Calumet Farm
Mac Daddy Mac,Put It Back,Abuela Esther (URU),Crater (ARG),FL,Katherine Ritvo,William Dean Reeves,Stud El Aquila
Made of Steel,Warrior's Reward,Imp's Wild,Wild Gale,KY,Roderick Rodgriguez,J. Stables (Guerrero),Woods Edge Farm LLC
Magical Mystery,Unbridled's Song,Mystery Gone,Gone West,KY,Bob Baffert,Gary Broad,Peter E. Blum Thoroughbreds LLC & Unbridled's Song Syndicate 
Majesto,Tiznow,Unacloud,Unaccounted For,KY,Gustavo Delgado,Grupo 7C Racing Stable,Diamond A Racing Corp
Marengo Road,Quality Road,Gac's Tomboy,Unbridled's Song,KY,Michael Trombetta,"Meyerhoff, Harry C. and Tom O.",Haymarket Farm LLC
Marqula,Coast Guard,Marquet Formula,Marquetry,WA,Jeff Bonde,"Klein, Alan Phillip, Lebherz, Philip and Meister, Richard",Jean M.G. Welch
Marty Montana,Awesome Again,Holy Blitz,Holy Bull,KY,Peter Miller,Rockingham Ranch,SF Bloodstock
Master Magician,Tiznow,I'm a Flake,Mineshaft,KY,Nicholas Zito,Mossarosa,Dixiana Farms LLC
Matt King Coal,Cool Coal Man,Donna Marie,Came Home,FL,Linda Rice,Lady Sheila Stable,John E. Shaw
Memories of Winter,Hard Spun,Memories for Us,Street Cry (IRE),KY,"Anthony Margotta, Jr.",Thoroughbred Investments Fund LLC,Phillips Racing Partnership
Mighty Moses,Candy Ride (ARG),Trusten,Mt. Livermore,KY,Rudy Rodriguez,"Zayat Stables, LLC",Emily Wygod
Miles of Humor,Distorted Humor,Miles of Style,Storm Cat,KY,Ralph Nicks,Whisper Hill Farm LLC,Whisper Hill Farm LLC
Mo for the Money,Uncle Mo,Unenchantedevening,Unbridled's Song,KY,Anthony Dutrow,"Lieblong, Alex and JoAnn",Summer Wind Farm
Mo Power,Uncle Mo,Rhiana,Runaway Groom,KY,Todd Pletcher,Repole Stable,Meadow Oaks Farm LLC & Dr. Frank Justice
Mo Tom,Uncle Mo,Caroni,Rubiano,KY,Thomas Amoss,G M B Racing,Hargus & Sandra Silver & Silver Farm
Mohaymen,Tapit,Justwhistledixie,Dixie Union,KY,Kiaran McLaughlin,Shadwell Stable,Clearsky Farms
Molasses Brown,Big Brown,Crystal Lyric,El Prado (IRE),KY,Thomas Clark,"Carlson Family LP., Reynolds, Brett and Chang, Jason",Sunrise Stables LLC & Luke Guida
Money Illusion,Big Drama,Samantha O,Unbridled's Song,FL,Chad Brown,"Klaravich Stables, Inc. and Lawrence, William H.",Blitchton Breeding LLC
Monte Man,Custom for Carlos,Sarah's My Angel,Sutter's Prospect,LA,"John Terranova, II",Long Lake Stable LLC and Head of Plains Partners LLC,Val C. Murrell
Moon Gate Warrior,Bernardini,J Z Warrior,Harlan's Holiday,KY,Philip Bauer,Rigney Racing,Grousemont Farm
Moonlight Drive (ITY),Red Rocks (IRE),Tina Donizette (IRE),Monsun (GER),ITY,Bob Baffert,Winner Consulting,Centro Equino Arcadia SRL
Mooose,Pleasantly Perfect,Dancin 'n Groovin,Dance Master,KY,Luis Jurado,"Potter, James, and Potter, Priscilla",James Potter & Priscilla Potter
Mor Spirit,Eskendereya,Im a Dixie Girl,Dixie Union,PA,Bob Baffert,Michael Lund Petersen,Elkstone Group LLC
More Alex,More Than Ready,Pumpkin Shell,Lion Heart,KY,Gustavo Delgado,Grupo 7C Racing Stable,Grapestock LLC
Mr. Coker,Candy Ride (ARG),Our Khrysty,Newfoundland,KY,Jerry Hollendorfer,Steve Beneto,Blue Heaven Farm
Mr. Roary,Scat Daddy,If Angels Sang,Seattle Slew,KY,George Paparodormou,Kretz Racing LLC,Judy Hicks & Kathryn Nikkel
Mt Veeder,Ghostzapper,Glenbriar Girl,Gold Case,KY,Bob Baffert,"Stonestreet Stables and Bolton, George",Hans Poetsch
My Chennai Xpress,Hold Me Back,Pagan Dance,Valley Crossing,VA,Kenneth McPeek,Buppa Stables,Mrs. C. Oilver Iselin III
My Man Sam,Trappe Shot,Lauren Byrd,Arch,KY,Chad Brown,"Sheep Pond Partners, Newport Stables LLC and Bligh, Jay W.",Jay W. Bligh
Name Changer,Uncle Mo,Cash's Girl,Northern Afleet,KY,Alan Goldberg,Colts Neck Stables LLC,Colts Neck Stables LLC
Name for the Blame,Blame,Whenthetimeisright,Devil His Due,KY,Doug O'Neill,"Pamplemousse Racing LLC, Keh, Steven and English, Tim",Taylor Asbury MD
Never Gone South,Munnings,Summer Rules,Perfect Soul (IRE),KY,Cathal Lynch,M M G Racing Stable,Bend Or Thoroughbreds USA
New York Candy,Sidney's Candy,Reforestation,Forestry,NY,Dallas Stewart,David S. Berman,SF Racing LLC
Nominal Dollars,Northern Afleet,Double Flyight,Flying Continental,KY,"Albert Stall, Jr.","Klaravich Stables, Inc. and Lawrence, William H.",Stonehaven Steadings
Northwest Tale (f),Tale of Ekati,Northwest Colors,Broad Brush,KY,Dallas Stewart,Charles E. Fipke,Charles Fipke
Nyquist,Uncle Mo,Seeking Gabrielle,Forestry,KY,Doug O'Neill,Reddam Racing LLC,Summerhill Farm
One More Orman,Istan,Who'sbeeninmybed,The Daddy,KY,Jerry Hollendorfer,Mark DeDomenico LLC,Brereton C. Jones
Opportunistic,Sky Mesa,Mona Quita,El Corredor,KY,Jerry Hollendorfer,"Mark DeDomenico LLC and North American Thoroughbred Horse Company, Inc.","Sassu LLC, Philip Robertson & Brenda Robertson"
Oregon,Mizzen Mast,Way to Go,Gone West,KY,John Shirreffs,"Moss, Mr. and Mrs. Jerome S.",St. George Farm LLC
Ossetra,Into Mischief,Tussie,Kris S.,OH,Bob Baffert,Michael Lund Petersen,Ryan S. Conboy & Bedell S. Conboy
Outwork,Uncle Mo,Nonna Mia,Empire Maker,KY,Todd Pletcher,Repole Stable,Repole Stable Inc
Path of David,Istan,Rimini Road,Dynaformer,KY,Kristin Mulhall,"Thrash, Ike, Thrash, Dawn, Alley, Janet and Alley, Sam",Brereton C. Jones
Patton Proud,Eskendereya,Elusive Horizon,Elusive Quality,KY,Steven Asmussen,Jerry Durant,Northwest Farms LLC
Percolator,Flashy Bull,Lady Rushmoore,Wild Rush,KY,John Servis,Main Line Racing Stable and Joshtylane Farm,Charles H. Deters
Perfect Parade,Parading,Aesculus,Horse Chestnut (SAF),NY,Pavel Matejka,Preston Stables LLC,Anita Nesser
Perfect Saint,Pleasantly Perfect,Santa Gertrudis (IRE),Machiavellian,KY,Dale Romans,Calumet Farm,Calumet Farm
Picadilly Roadster,Ghostzapper,Stormy Dixie,Stormy Atlantic,KY,Marcus Vitali,Crossed Sabres Farm,Colts Neck Stables LLC
Pinnacle Peak,Yes It's True,Charlie Girl,Indian Charlie,KY,Michael Stidham,Mark D. Breen,Mark Breen
Pinson,Majestic Warrior,Celtic Song,Giant's Causeway,FL,Michael Maker,"Ramsey, Kenneth L. and Sarah K.",Bonnie Heath Farm LLC
Pinstripe,High Cotton,My Friend Melini,Trippi,FL,Todd Pletcher,Eclipse Thoroughbred Partners,Marion G. Montanari
Prime Time Man,Zensational,Baroness Aamoura,Theatrical (IRE),KY,D. Wayne Lukas,"Zayat Stables, LLC",Zayat Stables LLC
Prospectus,Uncle Mo,Ready Willing Abel,More Than Ready,KY,Todd Pletcher,Siena Farm LLC,Katierich Farms
Quijote,Pomeroy,Soi Distant,Holy Bull,FL,Thomas Amoss,"Midwest Thoroughbreds, Inc.",Ramiro Rosas Medina
Ralis,Square Eddie,Silar Rules,Ten Most Wanted,CA,Doug O'Neill,Reddam Racing LLC,Reddam Racing LLC
Rally Cry,Uncle Mo,Alienated,Gone West,KY,Todd Pletcher,"Paul S. Pompa, Jr.",White Fox Farm
Rated R Superstar,Kodiak Kowboy,Wicked Wish,Gold Case,KY,Kenneth McPeek,Radar Racing LLC,ThornDale Stable LLC
Ready Dancer,More Than Ready,Sweettrickydancer,Green Dancer,KY,Todd Pletcher,Let's Go Stable,St. George Farm LLC & Spurrmont LLC
Realm,Haynesfield,Shawness Country,Chief's Crown,VA,Barclay Tagg,"Dattner, Eric, Tagg, Barclay and Astarita, Harry",Morgan's Ford Farm
Remesses,Pioneerof the Nile,Weight No More,Pure Prize,FL,Bob Baffert,Fog City Stable,Milan Kosanavich & Machmer Hall
Richie the Bull,Benny the Bull,Richiesgirlgotgame,Five Star Day,IL,Joan Scott,Richie's Usual Suspect,Richard Ravin & Larry Rivelli
Riddler,Harlan's Holiday,Rhapsody Queen,Unbridled's Song,KY,Todd Pletcher,Siena Farm LLC,Siena Farms LLC
Riker,Include,Desviacion,Unreal Zeal,KY,Nicholas Gonzalez,Tucci Stables,Turner Breeders
Rolling Tizway,Tizway,Rolling Sea,Sefapiano,KY,Eddie Kenneally,"Chenvert, Brian, Hayes, Christian and Kenneally, Eddie",Spendthrift Farm LLC
Royal Obsession (f),Tapit,Rote,Tiznow,KY,Steven Asmussen,Stonestreet Stables LLC,Marbat LLC
Safe Passage,Congrats,Northern Station,Street Cry (IRE),KY,William Mott,WinStar Farm LLC,Tommy Town Thoroughbreds LLC
Sail Ahoy,Bernardini,Matlacha Pass,Seeking the Gold,KY,Claude McGaughey III,Phipps Stable,Phipps Stable
Saint Ignatius,Macho Uno,I Love America,Quiet American,KY,Dallas Stewart,G M B Racing,Forging Oaks LLC
Saltini,Bernardini,Salt Champ (ARG),Salt Lake,KY,Richard Mandella,"Diamond A Racing Corporation and Vargas, Arturo",Diamond A Racing Corp & Arturo Vargas
Sam Missile (IRE),Smart Strike,Kitty Matcham (IRE),Rock of Gibraltar (IRE),IRE,James Fanshawe,Apple Tree Stud,Barronstown Stud
Saratoga Mischief,Into Mischief,Pacific Destiny,Mr. Greeley,KY,Todd Pletcher,"Twin Creeks Racing Stables, LLC",Meritage LLC & Angelo Ferro
Sawyers Mickey,Flatter,Mrs. Debbie M,War Chant,OH,Steven Asmussen,Whispering Oaks Farm LLC,Susan King
Scholar Athlete,Einstein (BRZ),Creme Catalan,El Prado (IRE),ON,H. Graham Motion,West Point Thoroughbreds,Adena Springs
Sea Wizard,Uncle Mo,Sea Road,Tale of the Cat,KY,John Mazza,Mac Nichol,"R. Alex Rankin, R. Lenihan & P. Leni"
Seeking Blame,Blame,Title Seeker,Monarchos,KY,Dallas Stewart,Charles E. Fipke,Charles Fipke
Seeking the Soul,Perfect Soul (IRE),Seeking the Title,Seeking the Gold,KY,Dallas Stewart,Charles E. Fipke,Charles Fipke
Semper Fortis,Distorted Humor,Rebridled Dreams,Unbridled's Song,KY,Doug O'Neill,Reddam Racing LLC,Coffeepot Stable
Sensational Ride,Dunkirk,Commendable Girl,Commendable,GA,Bobby Barnett,Dennis Morgan,Dennis Ralph Morgan
Seymourdini,Bernardini,Graeme Six,Graeme Hall,KY,Linda Rice,Iris Smith Stable,Besilu Stables LLC
Shagaf,Bernardini,Muhaawara,Unbridled's Song,KY,Chad Brown,Shadwell Stable,Shadwell Farm LLC
Shakhimat,Lonhro (AUS),Reggae Rose,Touch Gold,ON,Roger Attfield,Dan Gale,Adena Springs
Siding Spring,Warrior's Reward,Legendary Peace,Peace Rules,KY,Mark Casse,Gabe Grossberg,Doug Branham & Felicia Branham
Sightforsoreeyes,Sightseeing,Rush to Glory,Wild Rush,KY,Doug Anderson,"Wetzel, Arthur and Anderson, Doug",Richland Hills Stallions LLC & Willow Lane Stable
Singleton,Malibu Moon,Miss Audrey,Grand Slam,KY,Nicholas Zito,Mossarosa,WinQuest Thoroughbreds LLC
Smokey Image,Southern Image,Special Smoke,Free House,CA,Carla Gaines,Irvin Racing Stable,C-Punch Ranch Inc
Snow Fighter,Candy Ride (ARG),Aspen Light,Bernardini,KY,"James Lawrence, II",Matthew Schera,Stonestreet Thoroughbred Holdings LLC
Somesville,Malibu Moon,Quiet Harbor,Silver Deputy,KY,Claude McGaughey III,"Stuart S. Janney, III",Stuart S. Janney III LLC
Sorryaboutnothing,Repent,Royal Card,Chapel Royal,FL,Doug O'Neill,"Fog City Stable, RAP Racing, ERJ Racing, LLC and Dave Kenney",Woodford Thoroughbreds
Sound the Horns,Include,Nancy G.,Fusaichi Pegasus,KY,H. Graham Motion,West Point Thoroughbreds,Elizabeth Southam
Southern Pharaoh,Pioneerof the Nile,Miss Special Salsa,Mr. Greeley,KY,Bob Baffert,Calumet Farm,Dr. J. David Richardson
Southside Warrior,Warrior's Reward,Bamba,Not for Love,MD,Mark Casse,"Poston, Bill, Poston, Vicki and Smith, James Brad",Dark Hollow Farm
Southwest Trail,Uncle Mo,Eagle Sound,Fusaichi Pegasus,KY,Anthony Dutrow,"Shortleaf Stable, Inc.","Gabriel Duignan, Crosshaven Bloodstock & Vision Thoroughbreds"
Speed Check,Point Given,Accelero,Dynaformer,KY,Bob Baffert,Calumet Farm,Calumet Farm
Spikes Shirl,Speightstown,Shirl's Soul,Perfect Soul (IRE),KY,Dallas Stewart,Charles E. Fipke,Charles Fipke
Star Hill,Elusive Quality,Padmore,French Deputy,KY,"George Arnold, II",Calumet Farm,Calumet Farm
Start a War,Grand Slam,Jabber Dabber Doo,Pleasant Tap,IL,W. Bret Calhoun,Knollwood Stables,Dana Waier Thoroughbreds LLC
Stone,Quality Road,Stone Legacy,Birdstone,KY,Nicholas Zito,Marylou Whitney Stables LLC,Marylou Whitney Stables LLC
Stormin In,Smart Strike,My Miss Storm Cat,Sea of Secrets,KY,"Edward Plesa, Jr.",Live Oak Plantation,Stonestreet Thoroughbred Holdings LLC
Stradivari,Medaglia d'Oro,Bending Strings,American Chance,KY,Todd Pletcher,John D. Gunther,John D. Gunther
Street Vision,Street Sense,Emmy's Storm,Stormy Atlantic,KY,Mark Glatt,"Norman Stables, LLC and Wagner, Cory",Affirmed Investment Corp
Sudden Surprise,Giant Surprise,Ready and Good,More Than Ready,NY,Todd Pletcher,Repole Stable,Repole Stable Inc
Suddenbreakingnews,Mineshaft,Uchitel,Afleet Alex,KY,Donnie Von Hemel,Samuel F. Henderson,Branch Equine LLC
Sunny Ridge,Holy Bull,Lignum Vitae,Songandaprayer,NJ,Jason Servis,Dennis A. Drazin,Dennis Drazin
Surgical Strike,Red Giant,Preemptive Attack,Smart Strike,KY,Ben Coleman,"Seltzer, Edward A. and Anderson, Beverly S.",Edward A. Seltzer & Beverly Anderson
Swagger Jagger,Crown of Thorns,Magical Mist,Congaree,FL,Michael Maker,"Warner Thoroughbreds, Lewis, III, Lewis, Setzer, Setzer et al.",Woodford Thoroughbreds
Swipe,Birdstone,Avalanche Lily,Grand Slam,KY,Keith Desormeaux,"Big Chief Racing, LLC, Fizzy Racing LLC, Rocker O Ranch, LLC, Desormeaux et al.",Lou Oppenheim
Synchrony,Tapit,Brownie Points,Forest Wildcat,KY,Donnie Von Hemel,Pin Oak Stable,Pin Oak Stud LLC
Tale of Mist,Tale of Ekati,Settling Mist,Pleasant Colony,KY,Barclay Tagg,Charles E. Fipke,Charles Fipke
Tale of S'avall,Tale of Ekati,S'Avall,Awesome Again,KY,Barclay Tagg,Charles E. Fipke,Charles Fipke
Tally,Tale of Ekati,Charlie Papa,Indian Charlie,KY,Pavel Matejka,Preston Stables LLC,Susan M. Forrester & 4M Ranch
Tarpon Bay Road,Tapit,Pretty Prolific,Lion Heart,KY,James Baker,Tom R. Walters,Tom Walters
Tasit,Tapit,Fantasia (GB),Sadler's Wells,PA,Michael Matz,Augustin Stable,George Strawbridge Jr.
Tathqeef,Tapit,Foxy Danseur,Mr. Greeley,KY,John Gosden,Shadwell Stable,Clearsky Farms
Ten Blessings,Smart Strike,Indian Blessing,Indian Charlie,KY,Bob Baffert,"Earnhardt III, Patti and Hal J.",Hal Earnhardt
That Makes Sense,Street Sense,Useewhatimsaying,A.P. Indy,KY,D. Wayne Lukas,"Baker, Robert C. and Mack, William L.",Equine Equity Partners LLC
The Big Mo,Uncle Mo,Gentle Words,Bertrando,ON,Anthony Dutrow,"Lieblong, Alex and JoAnn",Josham Farms Limited
The Chinaman,Haynesfield,Bearusa,Precise End,KY,Peter Miller,Rockingham Ranch,Bill Adair & Phyliss Adair
The Last Rep,Pleasantly Perfect,Penne Ala Capaese,Unbridled,KY,"Jose Gonzalez, Jr.",Kenneth Corazza,Kenneth L. Corazza
The Lieutenant,Street Sense,Stage Magic,Ghostzapper,KY,Michael McCarthy,"Warren, Jr., Mr. and Mrs. William K.",John D. Gunther
Thirdhalf,Birdstone,Half a Surprise,A.P. Indy,KY,Gary Mandella,Wertheimer and Frere,Wertheimer et Frere
Thunder Pass,Street Sense,Mari's Thunder,Thunder Gulch,KY,Michael Trombetta,"Meyerhoff, Harry C. and Tom O.",B. Flay Thoroughbreds
Time Will Tell,Malibu Moon,What Time Is It,Partner's Hero,MD,Jena Antonucci,Gallostables,R. Larry Johnson
Tiznoble,Tiznow,Tamboz,Tapit,KY,Joe Sharp,Dell Ridge Farm LLC,Dell Ridge Farm LLC
Toews On Ice,Archarcharch,Wild Forest Cat,D'wildcat,KY,Bob Baffert,"Watson, Karl, Pegram, Michael E. and Weitman, Paul",Lakland Farm
Tom's Ready,More Than Ready,Goodbye Stranger,Broad Brush,PA,Dallas Stewart,G M B Racing,Blackstone Farm LLC
Torrontes,Macho Uno,Airizon,Boston Harbor,KY,Kellyn Gorder,"Beckett Racing Team and Thornton, David",Crumbaugh Lane LLC
Toughest 'Ombre,Tale of the Cat,True Sensation,Itaka,MD,Thomas Albertrani,Hickory Plains,Randy L. Cohen & Alyse L. Cohen
Tour de Force,Tiznow,Dream Supreme,Seeking the Gold,KY,Mark Casse,John C. Oxley,Kinsman Farm
Triple Creek,Hat Trick (JPN),Lady Lyra,Storm Creek,KY,Michael Maker,"Ramsey, Kenneth L. and Sarah K.",Sanford R. Robertson
Trojan Nation,Street Cry (IRE),Storm Song,Summer Squall,KY,Patrick Gallagher,"Gilbert, Julie and Sones, Aaron",Dr. Aaron Sones
True Solitaire (IRE),Oasis Dream (GB),Majestic Silver (IRE),Linamix (FR),IRE,Dermot Weld,Moyglare Stud Farm,Moyglare Stud Farm LTD
Turulu,Eskendereya,Salty Farma,Salt Lake,KY,Victor Garcia,Juan J. Garcia,Stonestreet Thoroughbred Holdings LLC
Twenty Four Seven,City Zip,Here Comes Amelia,War Chant,KY,Roger Brueggemann,"Midwest Thoroughbreds, Inc.",Richard Maynard
Twirling,Candy Ride (ARG),Cat Charmer,Storm Cat,KY,Bob Baffert,"Juddmonte Farms, Inc.",Courtlandt Farm
Twizz,Twirling Candy,Lively Ballad,Saint Ballado,KY,Michael Maker,"Warner Thoroughbreds, Lewis, III, Lewis, Setzer, Setzer et al.",Archie Barnes & Wood Simpson
Unbridled Outlaw,Unbridled's Song,Letgomyecho,Menifee,KY,Dale Romans,Albaugh Family Stable,"Betz, Blackburn, J. Betz, Ramsby & CNHHNK"
Uncle Guy,Uncle Mo,Dying to Dance,Street Cry (IRE),KY,Michael Maker,"Ramsey, Kenneth L. and Sarah K.",Rose Hill Farm & Ralph Stroope
Uncle Jerry,Uncle Mo,Our Dani,Homebuilder,KY,Eoin Harty,"Harty, Eoin G., Auerbach, Robert and Yarmuth, William",Eagle Holdings
Uncle Lino,Uncle Mo,Haysee,Orientate,KY,Gary Sherlock,"Mansor, Tom, Purple Shamrock Racing and Sherlock, Gary",JPR Stable LLC
Uncle Walter,Uncle Mo,Look for Good,Unbridled's Song,KY,Michael Maker,"Ramsey, Kenneth L. and Sarah K.",Lantern Hill Farm
Undeniable U,Red Giant,Naseem,Point Given,KY,Bob Baffert,"Mojallali Stables, Inc.",Mojallali Stables Inc
Unexplained,Ghostzapper,Alex's Ali,Afleet Alex,KY,Chris Richard,"Midwest Thoroughbreds, Inc.",Brandywine Farm & Adena Springs
Unified,Candy Ride (ARG),Union City,Dixie Union,KY,James Jerkens,Centennial Farms,Blue Devil Racing Stable LLC
Urban Bourbon,City Zip,Fools in Love,Not for Love,KY,Eddie Kenneally,Bourbon Lane Stable,K & G Stables
Urlacher,Discreet Cat,Perceive,A.P. Indy,KY,Eoin Harty,Godolphin Racing LLC,Darley
Valiant Minister,Candy Ride (ARG),Spooky Minister,Deputy Minister,KY,Bob Baffert,Baoma Corporation,Hill n Dale Equine Holdings Inc
Van Damme,Langfuhr,Pacific Jewel,Seeking the Gold,KY,Robert Gorham,Mast Thoroughbreds LLC,William B. Harrigan
Victory Arch,Archarcharch,Toasty,Polish Numbers,KY,Scott Geiner,"Norman, Mark and Norman Stables LLC",Dreamtime Stables LLC
Virtual Machine,Drosselmeyer,Critikal Reason,Aptitude,KY,Joe Sharp,Serjeant Equine,Farfellow Farms LTD
Viva La Kid,Lemon Drop Kid,As a Day in June,Fly So Free,KY,John Servis,Carguys Racing LLC,John R. Mulholland & Martha Jane Mulholland
Vorticity,Distorted Humor,Tar Heel Mom,Flatter,KY,"James Lawrence, II",Matthew Schera,Upson Downs Farm & WinStar Farm LLC
Vulcan's Forge,Giant's Causeway,Possibly a Ten,Seeking the Gold,KY,Todd Pletcher,"Heiligbrodt, L. William, Heiligbrodt, Corinne and Team Valor International","Gabriel Duignan, Crosshaven Bloodstock & Petaluma Bloodstock"
Walk Out,Curlin,Cheryl's Sister,Dixieland Band,KY,Steven Asmussen,Calumet Farm,Cardinal Farm LLC
Westfest,Unbridled's Song,Dr. Zic,Milwaukee Brew,KY,Bob Baffert,"West, Gary and Mary",SF Bloodstock
Wheels Up Now,Smart Strike,First Passage,Giant's Causeway,KY,Thomas Albertrani,West Point Thoroughbreds and Chester Thoroughbreds LLC,AR Enterprises LLC
Whipsaw,Drosselmeyer,Forest Jazzy,Forestry,KY,Michael Maker,"Ramsey, Kenneth L. and Sarah K.",Dividing Ridge Farm & Strongheart Farm
Whitmore,Pleasantly Perfect,Melody's Spirit,Scat Daddy,KY,Ron Moquett,"LaPenta, Robert V., Rosenblum, Harry T. and Southern Springs Stables",John Liviakis
Who's Out,Tale of Ekati,Shine Forth,Carson City,KY,Jerry Hollendorfer,"Hollendorfer, Jerry and M Racing",John R. Penn
Wild About Deb,Eskendereya,Smarty Deb,Smart Strike,KY,Philip D'Amato,Marisa Lizza Racing,Northwest Farms LLC
Williamsburg,Too Much Bling,La Petite Justice,Lit de Justice,LA,Scott Lake,Tigertail Ranch,Tigertail Ranch
Wine Not,First Dude,Simmerette,El Prado (IRE),NY,Thomas Albertrani,West Point Thoroughbreds,Frank Hopewell & Runner's Dream Farm
Z Royal,Eskendereya,Joanne Jubilation,Monarchos,KY,D. Wayne Lukas,"Zayat Stables, LLC",Zayat Stables LLC
Zapperini,Ghostzapper,Bobby's Babe,Smart Strike,KY,Greg Foley,"Lloyd Madison Farms, IV LLC","Lloyd Madison IV, LLC"
Ziconic,Tapit,Zenyatta,Street Cry (IRE),KY,John Shirreffs,"Moss, Mr. and Mrs. Jerome S.",Mr. and Mrs. J. S. Moss
Zulu,Bernardini,Temporada,Summer Squall,KY,Todd Pletcher,"Stonestreet Stables LLC, Magnier, Susan., Tabor, Michael B. and Smith, Derrick",Ron Magers & Ronald Marcocchio
Zulu Alpha,Street Cry (IRE),Zori,A.P. Indy,KY,Dermot Weld,Calumet Farm,Calumet Farm