Horse,Color / Sex / Age,Trainer,Owner
(15)GREAT PASSION,b.c.3,Richard E. Mandella,Diamond A Racing Corp. 
(15)JODY SLEW,b.c.3,Todd A. Pletcher,St. Elias Stable
(15)FORTUNE QUEEN,ch.c.3,Chad Summers,J. Stables
(15)REBRIDLED DREAMS,dk b/.c.3,Stables Todd A. Pletcher,"St. Elias Stable , MEB Racing Stables, LLC and Brooklyn Boyz Stables"
ACHIEVER,dk b/.c.3,Steven M. Asmussen,"Winchell Thoroughbreds LLC, Three Chimneys Farm, LLC et al. "
AFLEET ASCENT,b.c.3,Jerry Hollendorfer,Ed and Susie Orr J
AGENT BOND,b.c.3,Peter Miller,Rockingham Ranch
AIRTOUCH,b.c.3,Todd A. Pletcher,"Cheyenne Stables, LLC"
ALFAREED,b.c.3,Doug O'Neill,Zedan Racing Stables
ALI,gr/ro.c.3,William J Hogan,Ken W. Miller
ALL SYSTEMS GO,dk b/.c.3,Todd A. Pletcher,Eric Fein
ALPHA TO OMEGA,b.c.3,Michael J. Maker,Kenneth L. and Sarah K. Ramsey
ALPHAROMEO FIFTEEN,b.r.3,Tim P. Padilla,Tracy Hersman
ALTERNATIVE ROUTE,b.c.3,"Albert M. Stall, Jr.","Spendthrift Farm LLC and Town and Country Racing, LLC"
AMY'S CHALLENGE,dk b/.f.3,McLean Robertson,"Novogratz Racing Stables, Inc. M"
ANALYZE IT,b.c.3,Chad C. Brown,William H. Lawrence
AND STILL,dk b/.c.3,Horacio DePaz,Sagamore Farm
ARAZI LIKE MOVE,gr/ro.g.3,Aldana Gonzalez,"Loooch Racing Stable, Inc."
ARCHED FEATHER,dk b/.c.3,Edward H. Frederick,Stephen R. Baker Ed
ARGONNE,dk b/.c.3,H. James Bond,"William L. Clifton, Jr."
ARK IN THE DARK,dk b/.c.3,Kelly J. Breen,George E. Hall
ARRIVAL,gr/ro.c.3,Mark E. Casse,"John C. Oxley, Gainesway Farm , Helen C. Alexander and Stuart E. Huston"
AUDIBLE,b.c.3,Todd A. Pletcher,"WinStar Farm, LLC , China Horse Club International, Ltd. and SF Racing, LLC"
AUTOSTRADE,ch.c.3,Todd A. Pletcher,"St. Elias Stable, John D'Amato, Lindy Farms and Albert Frassetto"
AVERY ISLAND,b.c.3,Kiaran P. McLaughlin,"Godolphin Racing, LLC "
AX MAN,b.c.3,Bob Baffert,"Patti and Hal J. Earnhardt, III"
AYACARA (GB),ch.c.3,J. Keith Desormeaux,Charles K. and Cynthia F. Marquis J. K
B I MOODY,b.c.3,Eric J. Guillot,"Southern Equine Stable, LLC"
B ON TIME,ch.c.3,Jack Frost,James K. Travis
BAIL OUT,b.c.3,"Claude R. McGaughey, III",Phipps Stable 
BAL HARBOUR,ch.c.3,Todd A. Pletcher,Red Oak Stable
BANDITO,dk b/.c.3,Dale L. Romans,Calumet Farm
BANDUA,gr/ro.c.3,Dermot K. Weld,Calumet Farm
BARRY LEE,dk b/.c.3,Horacio DePaz,Sagamore Farm
BASE COMMAND,dk b/.c.3,Mark A. Hennig,Courtlandt Farms
BEAUTIFUL SHOT,b.r.3,J. Keith Desormeaux,Calumet Farm J. K
BIBLICAL,gr/ro.c.3,Todd A. Pletcher,China Horse Club International Ltd.
BIG BROWN BEAR,dk b/.c.3,Doug Watson,Kildare Stud
BIG BUZZ,dk b/.c.3,Tim Yakteen,George Krikorian
BIG GEMMY,b.c.3,W. Bret Calhoun,"Martin Racing Stable, LLC"
BLAME THE RIDER,b.c.3,Doug O'Neill,"Reddam Racing, LLC"
BLASPHEMY,ch.c.3,Ron Moquett,JoAnn and Alex Lieblong
BLAZE OF GLORY,dk b/.c.3,Richard E. Mandella,"Fox Hill Farms, Inc. Ric"
BOBBY AXELROD,dk b/.c.3,Peter Miller,Rockingham Ranch
BOBBY'S WICKED ONE,ch.c.3,"Albert M. Stall, Jr.","Autumn Hill Farms Racing Stables, Inc."
BOCEPHUS,gr/ro.c.3,Molly J. Pearson,Regan Anderson and Molly J. Pearson
BODIE TAP,b.c.3,Daniel C. Peitz,Robert and Lawana Low
BOLT D'ORO,b.c.3,Mick Ruis,"Ruis Racing, LLC"
BOTERO,dk b/.c.3,Bob Baffert,Don Alberto Stable
BRASSTOWN,dk b/.g.3,Bob Baffert,"Paul Braverman, Timothy Pinch and John Guarnere"
BRAVAZO,dk b/.c.3,D. Wayne Lukas,Calumet Farm
BRAVE NATION,dk b/.c.3,William I. Mott,"WinStar Farm, LLC , China Horse Club International, Ltd. and SF Racing, LL"
BUGLE NOTES,b.c.3,Todd A. Pletcher,St. Elias Stable and West Point Thoroughbreds
BURGUNDY BOY (IRE),gr.c.3,Dermot K. Weld,Yuesheng Zhang
C C RIDER,dk b/.c.3,Michael R. Matz,John T. Behrendt and Charles K. Marquis
CALEXMAN,ch.c.3,Vladimir Cerin,Holly and David Wilson
CALIFORNIA NIGHT,dk b/.c.3,Michael J. Maker,Three Diamonds Farm
CALL WEST,b.c.3,Bob Baffert,Gary and Mary West
CALL A COP,b.c.3,Donnie K. Von Hemel,Sam Britt 
CAMBY,b.c.3,Mark Glatt,Saundra S. and Al Kirkwood
CANDYGRAM,b.c.3,James A. Jerkens,Centennial Farms J
CATHOLIC BOY,b.c.3,Jonathan Thomas,Robert V. LaPenta
CAUSEUR,ch.c.3,H. Graham Motion,Wertheimer and Frere
CEEVEE,b.c.3,Kelly J. Breen,George E. Hall
CHAPS,b.c.3,Eddie Kenneally,Joseph W. Sutton
CHOO CHOO,ch.c.3,Jerry Hollendorfer,Calumet Farm
CLEVER MIND,b.c.3,H. Graham Motion,Richard L. Golden
COLTANDMISSISSIPPI,b.c.3,Todd A. Pletcher,Teresa Viola Racing Stables and St. Elias Stable
COMBATANT,b.c.3,Steven M. Asmussen,"Winchell Thoroughbreds, LLC and Willis Horton Racing, LLC"
COPANO KICKING,dk b/.g.3,Akira Murayama,Sachiaki Kobayashi
COPPER BULLET,b.c.3,Steven M. Asmussen,"Winchell Thoroughbreds, LLC and Willis Horton Racing, LLC"
COUNTRY SQUIRE,b.c.3,Todd A. Pletcher,"Paul P. Pompa, Jr."
COVE BLUE,b.c.3,Dale L. Romans,Jim Bakke and Gerald Isbister
CURLIN'S HONOR,ch.c.3,Mark E. Casse,"Breeze Easy, LLC and John C. Oxley"
CURLIN'S ON FIRE,ch.c.3,Ronda Hutchinson,"Michael J. Almerico, II"
CURLY'S ROCKET,b.c.3,Bob Baffert,Frank Fletcher Racing Operations
DAK ATTACK,b.c.3,Dale L. Romans,"Albaugh Family Stable, LLC and Brereton C. Jones"
DARK TEMPLAR,ch.c.3,Brendan P. Walsh,Newtown Anner Stud
DARK VADER,dk b/.c.3,Peter Eurton,"S. Alesia, Burns Racing LLC, Ciaglia Racing LLC and R. Christensen"
DAWOOD,ch.c.3,William I. Mott,"Zayat Stables, LLC"
DEMOLITION,dk b/.c.3,Ian R. Wilkes,"LNJ Foxwoods , SB Racing Corp. and Jason A. Litt"
DEPUTY BERNARDINI,b.c.3,Bob Baffert,"Dickman Legacy Ranch, LLC"
DEPUTY CZAR,b.g.3,Charles Simon,"Skyscraper Racing, LLC"
DESERT STONE (IRE),b.c.3,Richard Baltas,"Zayat Stables, LLC"
DIA DE PAGO,ch.c.3,Vladimir Cerin,Holly and David Wilson
DIAMOND KING,b.c.3,John C. Servis,D. J. Stable LLC and Cash is King LLC
DOMINANT STRATEGY,dk b/.c.3,Chad C. Brown,"Klaravich Stables, Inc."
DRAFT PICK,b.c.3,Peter Eurton,C R K Stable
DREAM BABY DREAM,b.c.3,Steven M. Asmussen,Dream Baby Dream Racing Stable
DREAM FRIEND,ch.c.3,Todd A. Pletcher,Eric Fein
DREAMER'S POINT,b.g.3,Ian R. Wilkes,"Six Column Stables, LLC , Randall L. Bloch and John Seiler"
DRY LEVEE,b.c.3,McLean Robertson,"The Unstable, LLC"
DUNK,dk b/.c.3,Stanley I. Gold,Arindel
DYNAMIC ASSET,b.c.3,Lacey Gaudet,Keith S. Crupper and Team Gaudet
EAGLE STRIKE,b.c.3,Thomas Morley,"Margaret Fauber, Erin Fauber and Imagine Racing"
ECLIPSED MOON,b.c.3,Kenneth G. McPeek,"Fern Circle Stables , Peter J. Callahan and Barry Golden"
EGYPTIAN PIONEER,b.c.3,Rudy R. Rodriguez,"Zayat Stables, LLC"
EISENSTAEDT,b.c.3,Ron Moquett,Southern Springs Stables
EMERGENT,ch.c.3,James A. Jerkens,Centennial Farms
EMPIRE LINE,dk b/.c.3,George Weaver,West Point Thoroughbreds and RAP Racing
ENJOY THE JOURNEY,b.c.3,Patrick B. Byrne,"Chuck and Maribeth Sandford, LLC"
ENTICED,dk b/.c.3,Kiaran P. McLaughlin,"Godolphin Racing, LLC"
EVALUATOR,ch.c.3,Michael Dilger,R and H Stable
EXCLAMATION POINT,ch.c.3,Brad H. Cox,Steven and Brandi Nicholson
EXPLORER,b.c.3,Bob Baffert,LNJ Foxwoods and NK Racing
EZMOSH,b.c.3,Brad H. Cox,"Zayat Stables, LLC"
FACTOR THIS,b.c.3,Edward R. Barker,Campbell Road Stables and Danny J. Chen
FAMILY KITTEN,b.c.3,Michael J. Maker,Kenneth L. and Sarah K. Ramsey
FASCILITATOR,b.c.3,Steven M. Asmussen,"Winchell Thoroughbreds, LLC"
FAST TALKING,b.c.3,"Claude R. McGaughey, III",Phipps Stable Clau
FAVERSHAM,ch.r.3,Art Sherman,Perry and Denise Martin
FIGHT ON,dk b/.c.3,Doug O'Neill,"CTR Racing, Steven Keh and Kramer Racing"
FIRE WHEN READY,dk b/.g.3,"Robert B. Hess, Jr.","Loooch Racing Stable, Inc."
FIRENZE FIRE,b.c.3,Jason Servis,Mr. Amore Stable
FLAT FAST,b.c.3,Miguel L. Hernandez,Judge Lanier Racing
FOR HIM,b.r.3,Michael Pender,Michael V. Lombardi
FORTIFIED EFFORT,dk b/.g.3,Fleming Kevin Eikleberry,"Lloyd J. Yother, Kevin Eikleberry, William Matthews and Marvin Fleming"
FREE DROP BILLY,ch.c.3,Dale L. Romans,"Albaugh Family Stables, LLC"
FREE ENTERPRISE,b.c.3,Chad C. Brown,"Klaravich Stables, Inc."
GALATIANS,b.c.3,Todd A. Pletcher,"WinStar Farm, LLC , China Horse Club International Ltd. , SF Racing, LLC and Head of Plains Partners LLC"
GAMBIT,b.c.3,"George R. Arnold, II",Preston Madden
GIDU (IRE),gr/ro.c.3,Todd A. Pletcher,"Zayat Stables, LLC"
GIVEMEAMINIT,b.c.3,Dallas Stewart,Valene Farms
GLEASON,ch.c.3,Todd A. Pletcher,"Paul P. Pompa, Jr."
GLOBAL CITIZEN,dk b/.c.3,Horacio DePaz,Sagamore Farm
GO GET THE MUNNY,ch.g.3,Thomas Morley,West Point Thoroughbreds and Robert Masiello
GOOD MAGIC,ch.c.3,Chad C. Brown,e Five Racing Thoroughbreds and Stonestreet Stables LLC
GOODWILLAMBASSADOR,dk b/.c.3,Philip D'Amato,Agave Racing Stable and Jeffry Wilke
GOTTA GO,gr/ro.c.3,Ian R. Wilkes,"Lothenbach Stables, Inc."
GRACIDA,ch.r.3,Doug O'Neill,Zedan Racing Stables
GRANDPA KNOWS BEST,dk b/.c.3,Kenneth G. McPeek,Fern Circle Stables
GREAT COMMISSION,ch.c.3,Javier Jose Sierra,"Madsen Racing, LLC"
GREYVITOS,gr/ro.c.3,Adam Kitchingman,Triple B Farms
GRONKOWSKI,dk b/.c.3,Jeremy Noseda,"Phoenix Thoroughbred, LTD"
HALEL,gr/ro.c.3,TBD,Holly Hoffman
HAWKISH,b.g.3,James J. Toner,AJ Suited LLC and Robert V. LaPenta
HAZAPOUR (IRE),ch.c.3,Dermot K. Weld,H.H. Aga Khan
HAZIT,b.c.3,Todd A. Pletcher,"Eclipse Thoroughbred Partners, M, Magnier, M. Tabor and D. Smith"
HE HATE ME,b.c.3,Horacio DePaz,Sagamore Farm
HE TAKES CHARGE,gr/ro.c.3,Mark E. Casse,William C. Schettine and John C. Oxley
HEARTFULLOFSTARS,dk b/.c.3,"Clark, D. Philip D'Amato","Agave Racing Stable, Bran Jam Stable, Little Red Feather Racing and Clark, D"
HEAVENHASMYNIKKI,ch.f.3,Anthony T. Quartarolo,"Loooch Racing Stable, Inc. "
HECK YEAH,dk b/.c.3,Bob Baffert,Michael Pageler and Michael Sigband
HERE'S CARLOS,gr/ro.g.3,Eric N. Foster,Foster Family Racing
HIGH NORTH,b.c.3,Brad H. Cox,"Shortleaf Stable, Inc."
HIGHER POWER,b.c.3,Donnie K. Von Hemel,"Pin Oak Stable, LLC "
HILL BENT,gr/ro.c.3,D. Wayne Lukas,Calumet Farm D.
HOFBURG,ch.c.3,William I. Mott,"Juddmonte Farms, Inc."
HOLLYWOOD STAR,dk b/.c.3,Dale L. Romans,"Albaugh Family Stables, LLC D"
HONOR GUARD,b.c.3,Bob Baffert,"Hebert Bloodstock and Queen Bee Racing, LLC"
HONORABLE TREASURE,b.c.3,Kenneth G. McPeek,"Harold Lerner, LLC , AWC Stables , Scott K. Akman and Nehoc Stables "
HYNDFORD,ch.c.3,Todd A. Pletcher,Donegal Racing 
IKE,b.c.3,Bob Baffert,"Westrock Stables, LLC"
IMPACT PLAYER,b.c.3,Todd A. Pletcher,NK Racing To
INSTILLED REGARD,dk b/.c.3,Jerry Hollendorfer,OXO Equine LLC 
IRISH SPRING,b.c.3,Richard Baltas,Irish Spring Stables Inc.
IRISH TERRITORY (IRE),b.c.3,William I. Mott,"Zayat Stables, LLC"
IRONWOOD,ch.c.3,Thomas Morley,"Margaret Fauber, Erin Fauber, Judy Jared and Imagine Racing "
JIMMY CHILA,b.c.3,Doug O'Neill,"Reddam Racing, LLC"
JOHN TIPPMANN,ch.c.3,Kenneth G. McPeek,"Al Baldassari, Dan Lion, Frances Demayo and John Tippmann "
JUNGLE WARFARE,b.r.3,Jerry Hollendorfer,"Hollendorfer, LLC and West Point Thoroughbreds "
JUST BE FRANK,b.g.3,William R. Helmbrecht,Patience and Jon Jazdzewski 
JUST WHISTLE,b.c.3,Michael R. Matz,Helen K. Groves M
JUSTIFY,ch.c.3,Bob Baffert,"WinStar Farm, LLC"
KANTHAKA,ch.c.3,Jerry Hollendorfer,"West Point Thoroughbreds, LLC "
KEY TO THE NILE,b.c.3,Bob Baffert,"Zayat Stables, LLC"
KING ZACHARY,ch.c.3,Dale L. Romans,Thomas F. Conway D
KRIS' ROCKET KAT,ch.c.3,Richard Baltas,J K Racing LLC and Bruce Chandler
LAST BAD HABIT,dk b/.c.3,"Albert M. Stall, Jr.","Spendthrift Farm, LLC Alb"
LEINSTER,b.c.3,D. Wayne Lukas,Amy E. Dunne D.
LIFE'S A PARLAY,b.c.3,Todd A. Pletcher,Repole Stable and St. Elias Stable To
LIGHTHAWK,gr/ro.c.3,Ron Moquett,JoAnn and Alex Lieblong
LIMATION,dk b/.c.3,Steven M. Asmussen,Michael Langford 
LIONITE,b.c.3,Steven M. Asmussen,"Winchell Thoroughbreds, LLC and Willis Horton Racing, LLC "
LOCOMOTION,dk b/.c.3,William I. Mott,"WinStar Farm, LLC , China Horse Club International, Ltd. and SF Racing, LLC"
LOMBO,gr/ro.c.3,Michael Pender,Michael V. Lombardi
LONE SAILOR,b.c.3,Thomas M. Amoss,G M B Racing Tho
LONGDEN (GB),dk b/.r.3,Bob Baffert,Godolphin Stable
M G WARRIOR,b.c.3,Dallas Stewart,Stephanie S. Clark
MACHISMO,b.c.3,Anthony T. Quartarolo,"Loooch Racing Stables, Inc. and Ashley Quartarolo "
MAGIC MUSKETIER,dk b/.c.3,Jerry Hollendorfer,Steven Simonovic Jerr
MAGICALMEISTER,b.c.3,James K. Chapman,"Christopher J. Meyer, Stanley Uragami and James K. Chapman "
MAGNUM MOON,b.c.3,Todd A. Pletcher,Robert and Lawana Low To
MAKE THE SWITCH (IRE),b.c.3,Dermot K. Weld,Moyglare Stud Farm D
MARAUD,b.c.3,Todd A. Pletcher,Treadway Racing Stable 
MARCONI,gr/ro.c.3,Todd A. Pletcher,"Bridlewood Farm, Mrs. John Magnier, Derrick Smith and Michael B. Tabor T"
MASK,b.c.3,Chad C. Brown,Lane's End Racing
MASKED,ch.c.3,Bob Baffert,Abdullah Saeed Almaddah
MASTER MANIPULATOR,ch.c.3,Eric J. Guillot,Calumet Farm and Southern Equine Stable LLC
MAYNOOTH,ch.c.3,Cathal A. Lynch,Daniela Lynch and Lynch Racing LLC C
MAYRHOFEN,ch.c.3,Michelle Nihei,Roseland Farm Stable
MCKINZIE,b.c.3,Bob Baffert,"Mike Pegram, Karl Watson and Paul Weitman"
MENDELSSOHN,b.c.3,Aidan P. O'Brien,"Mr. Michael Tabor, Mr. Derrick Smith and Mrs. John Magnier "
MERCERTOWN,ch.c.3,Neil J. Howard,Stoneway Farm
MIDNITE MASQUERADE,dk b/.c.3,Bob Baffert,James Bashor
MIND TRAPPE,b.c.3,"Ignacio Correas, IV","I. C. Racing, LLC "
MINTZ,dk b/.c.3,James A. Jerkens,Centennial Farms 
MISS MO MENTUM,dk b/.f.3,Mark E. Casse,Gary Barber
MISSISSIPPI,dk b/.c.3,Mark E. Casse,"Derrick Smith, John C. Oxley, Markus J. Jooste, Michael Tabor and Mrs. John Magnier"
MITOLE,b.c.3,Steven M. Asmussen,L. William and Corinne Heiligbrodt Steven
MO ZONE,b.c.3,Eddie Kenneally,Marc Detampel E
MOJOVATION,b.c.3,Todd A. Pletcher,"Zayat Stables, LLC To"
MONKEYSEEMONKEYDO,dk b/.c.3,Chad C. Brown,William H. Lawrence
MONTAUK,b.c.3,Todd A. Pletcher,"LaPenta, Eclipse Thoroughbred Partners, Twin Creeks Racing Stables, LLC, et al"
MORNING HUNT,dk b/.c.3,Mark E. Casse,"Westbury Stables, LLC"
MOST AMUSING,b.c.3,Bob Baffert,"Juddmonte Farms, Inc."
MOURINHO,b.c.3,Bob Baffert,Phoenix Thoroughbred III
MR. PRESIDENT,gr/ro.c.3,Michael J. Maker,Skychai Racing LLC and David Koenig
MT. RUSHMORE,b.c.3,D. Wayne Lukas,Robert C. Baker and William L. Mack D.
MUFASA,b.c.3,Todd A. Pletcher,Eclipse Thoroughbred Partners To
MURILLO,b.c.3,Aidan P. O'Brien,"Mr. Michael Tabor, Mr. Derrick Smith and Mrs. John Magnier "
MY BOY JACK,dk b/.c.3,J. Keith Desormeaux,"Don't Tell My Wife Stables and Monomoy Stables, LLC J. "
MY DREAM,b.c.3,"Claude R. McGaughey, III",Phipps Stable Claude R.
MYLUCKYCHARM,gr/ro.c.3,Michael A. Tomlinson,Erv Woolsey and Ralph Kinder Michae
NATIONAL FLAG,ch.c.3,Todd A. Pletcher,"WinStar Farm, LLC , China Horse Club International, Ltd. and SF Racing, LLC T"
NAVISTAR,b.c.3,Todd A. Pletcher,Robert V. LaPenta To
NAVY ARMED GUARD,b.g.3,Joan S. Scott,"Harriette Waldron, Roger D. McDaniel and Robert K. Johnson"
NERO,b.c.3,Bob Baffert,"Stonestreet Stables, LLC , Mrs. John Magnier, Michael Tabor and Derrick Smith"
NEW COLOSSUS,b.c.3,J. Larry Jones,"Fox Hill Farms, Inc."
NEW YORK CENTRAL,gr/ro.c.3,Steven M. Asmussen,"WinStar Farm, LLC , China Horse Club International, Ltd. and SF Racing, LLC "
NOBLE INDY,b.c.3,Todd A. Pletcher,WinStar Farm LLC and Repole Stable 
NOLA WIN,ch.c.3,Dallas Stewart,Lori Gervais
NUMERO THIRTEEN,b.c.3,Chad Summers,"J Stables LLC and Monomoy Stables, LLC "
OLD TIME REVIVAL,dk b/.c.3,Kenneth Decker,"Jacks or Better Farm, Inc. "
OLDFASHIONED CLUB,gr/ro.c.3,Jamie Ness,Gumpster Stable and Jagger Inc
ONE MORE TOM,b.g.3,Dallas Stewart,G M B Racing
ONE THIRTY NINE,gr/ro.c.3,Kenneth G. McPeek,Stephen R. Baker 
ORBED,b.c.3,James A. Jerkens,Constantine Peter Beler 
ORBIT RAIN,ch.r.3,Mick Ruis,"Ruis Racing, LLC"
ORIGINAL INTENT,gr/ro.c.3,Jerry Hollendorfer,"West Point Thoroughbreds, LLC "
OSKAR BLUES,ch.c.3,Kenneth G. McPeek,Fern Circle Stables 
PADDOCK PICK,b.r.3,Brian J. Koriner,Jay Em Ess Stable 
PAINT ME LUCKY,dk b/.c.3,Bob Baffert,James and Dianne Bashor
PALI HIGH,b.c.3,Leonard Powell,Gary Broad Leon
PEACE,gr/ro.c.3,Richard E. Mandella,"Spendthrift Farm LLC and Town and Country Racing, LLC "
PEACE OF EKATI,ch.c.3,Michael W. Dickinson,Charles E. Fipke 
PEPE TONO,dk b/.c.3,Victor L. Garcia,Juan J. Garcia 
PEPPERED,b.c.3,Reade Baker,Paul Braverman and Timothy Pinch 
PERFECT SEEKER,b.c.3,Dallas Stewart,Charles E. Fipke 
PERSONAL TIME,b.c.3,"Claude R. McGaughey, III","Stuart S. Janney, III and Phipps Stable "
PHOENIX FIRE,gr/ro.r.3,Bob Baffert,"Stonestreet Stables LLC, Abdullah Saeed Almaddah, Mrs. John Magnier, Michael B. Tabor and Derrick Smith"
PITINO,b.c.3,Doug O'Neill,Zedan Racing Stables 
PIVEN,b.c.3,Kevin Attard,Derek Chin K
POINT TO REMEMBER,ch.c.3,James A. Jerkens,Stronach Stable 
PONY UP,ch.c.3,Todd A. Pletcher,Calumet Farm 
PRINCIPE GUILHERME,b.c.3,Steven M. Asmussen,Three Chimneys Farm 
PRIVATE EYE,dk b/.g.3,Paul J. McGee,Jay Em Ess Stable 
PROLIFIC,dk b/.c.3,Michael Stidham,"Godolphin Racing, LLC "
PROMISES FULFILLED,ch.c.3,Dale L. Romans,Robert J. Baron Dale
PROVEN RESERVES,b.c.3,Chad C. Brown,"Klaravich Stables, Inc. Cha"
QUIP,b.c.3,Rodolphe Brisset,"WinStar Farm, LLC , China Horse Club International, Ltd. and SF Racing, LLC "
RACING RAVEN,dk b/.c.3,Todd A. Pletcher,Repole Stable 
RAHFEE TOWN,ch.c.3,Barclay Tagg,Charles E. Fipke 
READYFORPERFECTION,b.c.3,Dallas Stewart,Charles E. Fipke 
REAL FACTOR,b.c.3,Cathal A. Lynch,"M M G Stables, LLC "
REDOUTE'S LIGHT,b.c.3,Roger L. Attfield,Charles E. Fipke 
REGULATE,b.c.3,Bob Baffert,"Juddmonte Farms, Inc."
REPLICATOR,b.c.3,Chad C. Brown,e Five Racing Thoroughbreds and Magic Cap Stables 
RERIDE,b.c.3,Steven M. Asmussen,"Winchell Thoroughbreds, LLC "
RESTORING HOPE,dk b/.c.3,Bob Baffert,Gary and Mary West
RESTRAINEDVENGENCE,dk b/.g.3,Val Brinkerhoff,Kelly Brinkerhoff 
RETIREMENT FUND,b.c.3,Steven M. Asmussen,"L and N Racing, LLC "
RIDE A COMET,b.c.3,Mark E. Casse,"John C. Oxley and My Meadowview Farm, LLC "
RIDE TO THE WIRE,dk b/.c.3,Ben D. A. Cecil,"Reddam Racing, LLC "
RIVINGTON,b.c.3,H. Graham Motion,Lawrence Kip McCreery
ROAD TO DAMASCUS,b.c.3,Todd A. Pletcher,"WinStar Farm, LLC , China Horse Club International, Ltd. and SF Racing, LLC "
ROAD TO MEATH,b.c.3,Chad C. Brown,"Mr. and Mrs. William K. Warren, Jr. "
ROUTE SIX SIX,b.c.3,Brian J. Koriner,Jay Em Ess Stable Brian
ROYAL EDITION,dk b/.c.3,D. Wayne Lukas,Phillip Maloof and D. Wayne Lukas 
RUCKSACK,b.c.3,Nicholas P. Zito,St. Elias Stable 
RUGGERO (JPN),dk b/.c.3,Yuichi Shikato,Takashi Muraki 
SALMANAZAR,b.c.3,Todd A. Pletcher,Starlight Racing 
SAMDAR,b.c.3,Bob Baffert,"Spendthrift Farm, LLC"
SAN ELIJO,b.g.3,Michael Stidham,"Cobra Farm, Inc. and R R Partners "
SANTIAMEN,dk b/.c.3,Antonio Sano,Cairoli Racing Stable An
SARATOGA MORNING,ch.c.3,J. Keith Desormeaux,"Don't Tell My Wife Stables and Monomoy Stables, LLC J. "
SCAT BIG DAD,dk b/.c.3,Richard E. Mandella,JoAnn and Alex Lieblong 
SCRAPPER,b.c.3,Todd A. Pletcher,Sumaya U. S. Stables 
SEA FOAM,b.c.3,Christophe Clement,Waterville Lake Stable 
SEABHAC,dk b/.c.3,Todd A. Pletcher,Donegal Racing 
SEAHENGE,b.c.3,Aidan P. O'Brien,"Mr. Michael Tabor, Mr. Derrick Smith and Mrs. John Magnier "
SEEKING SHEBA TOWN,b.c.3,Doug Watson,Charles E. Fipke 
SEPTIMIUS SEVERUS,dk b/.c.3,George Weaver,"R. A. Hill Stable, Reeves Thoroughbred Racing and West Point Thoroughbreds "
SEVEN TRUMPETS,dk b/.c.3,Dale L. Romans,"West Point Thoroughbreds, LLC "
SHANE ZAIN,b.c.3,Doug O'Neill,Zedan Racing Stables 
SHIVERMETIMBERS,dk b/.c.3,Jerry Hollendorfer,Mark DeDomenico LLC and West Point Thoroughbreds 
SHOW TIME ROCKET,b.c.3,Bob Baffert,Frank Fletcher Racing Operations
SILVER HAMMER,gr/ro.c.3,Mark E. Casse,"Pocket Aces Racing, LLC"
SIOUX NATION,b.c.3,Aidan P. O'Brien,"Mr. Michael Tabor, Mr. Derrick Smith and Mrs. John Magnier "
SLOT,dk b/.c.3,Todd A. Pletcher,"Harrell Ventures, LLC "
SNAPPER SINCLAIR,b.c.3,Steven M. Asmussen,"Bloom Racing Stable, LLC "
SOLOMINI,ch.c.3,Bob Baffert,"Zayat Stables, LLC"
SOLTERO,b.c.3,Philip D'Amato,"Sweetwater Stable, Larry Connor, Bruno Deberdt and Ferro Family Trust "
SOMEBODY,dk b/.c.3,H. James Bond,"William L. Clifton, Jr. "
SONG OF THE NILE,b.c.3,D. Wayne Lukas,"Zayat Stables, LLC D. "
SOUL BEAM,b.c.3,Dallas Stewart,Charles E. Fipke 
SOUL STREIT,b.r.3,Bob Baffert,BCKH Stable and Natalie J. Baffert
SOUTACHE,b.c.3,Ralph E. Nicks,"Gold Mark Farm, LLC "
SPANISH BAY,b.g.3,Richard E. Mandella,"Godolphin Racing, LLC "
SPHENE,b.c.3,Miguel L. Hernandez,Judge Lanier Racing 
SPORTING CHANCE,dk b/.c.3,D. Wayne Lukas,Robert C. Baker and William L. Mack 
STILL HAVING FUN,b.c.3,Timothy L. Keefe,"Gary Barber, Wachtel Stable and Terp Racing LLC "
STORM RUNNER,ch.c.3,Dale L. Romans,Team Valor International and Gemstone Stables 
STRIKE POWER,ch.c.3,Mark A. Hennig,Courtlandt Farms 
STUART HALL,b.c.3,Dallas Stewart,G M B Racing Dall
SUPER SOL,b.c.3,Bob Baffert,"Zayat Stables, LLC"
SUPREME AURA,ch.c.3,Michael Stidham,Stallionaire Enterprises LLC 
SWASH AND BUCKLE,b.c.3,"Anthony R. Margotta, Jr.",St. Elias Stable 
TABIA,gr/ro.g.3,Ian R. Wilkes,"Lothenbach Stables, Inc. "
TAKE THE ONE O ONE,dk b/.c.3,Brian J. Koriner,Jay Em Ess Stable 
TALE OF FIRE,b.c.3,Doug Watson,Charles E. Fipke
TALENT SCOUT,b.c.3,Bob Baffert,Gary and Mary West
TALON,dk b/.c.3,Arnaud Delacour,"WinStar Farm, LLC , China Horse Club International, Ltd. and SF Racing"
TAP RAP STRIKE,ch.c.3,John C. Servis,D. J. Stable LLC and Cash is King LLC
TAPITOR,b.c.3,Helen Pitts-Blasi,Mary K. Grum
TATTOOED,dk b/.g.3,Timothy L. Keefe,"Kenneth C. Holt, Theodore R. Montuori and Palumbo Racing Stable"
TELEKINESIS,b.c.3,Mark E. Casse,"Stonestreet Stables, LLC"
TENFOLD,dk b/.c.3,Steven M. Asmussen,"Winchell Thoroughbreds, LLC"
THE GREEN MO'STER,b.c.3,Dale L. Romans,Crossed Sabres Farm
THE MONEY DANCE,ch.c.3,Michael E. Lauer,Penny S. Lauer
THERE AND BACK,dk b/.c.3,Bob Baffert,Double Diamond Farm
THOUSANDYARDSTARE,b.c.3,Horacio DePaz,Sagamore Farm
THREE WEEKS,gr/ro.c.3,William J. Haggas,Apple Tree Stud
THREEANDFOURPENCE,b.c.3,Aidan P. O'Brien,Evelyn M. Stockwell
TIMES SQUARE,gr/ro.c.3,Todd A. Pletcher,Calumet Farm
TIP SHEET,dk b/.c.3,Stanley I. Gold,Arindel
TITLE READY,dk b/.c.3,Steven M. Asmussen,Charles E. Fipke
TIZ MISCHIEF,b.c.3,Dale L. Romans,"Frank L. Jones, Jr."
TIZ OUR TURN,dk b/.c.3,"Walter M. Binder, Jr.",High Pointe Racing V
TOUGH TIMES,ch.c.3,Mark A. Hennig,Courtlandt Farms
TRADECRAFT,ch.c.3,Nancy Summers,Kenneth Corazza
TRANSGRESS,b.c.3,D. Wayne Lukas,Robert C. Baker and William L. Mack
TRES EQUIS,b.c.3,Michael J. Maker,"Skychai Racing, LLC and Sand Dollar Stable, LLC"
TRICKS TO DOO,b.c.3,Arnaud Delacour,Lael Stables
TROOPER,b.c.3,Miguel L. Hernandez,Judge Lanier Racing
U S NAVY FLAG,dk b/.c.3,Aidan P. O'Brien,"Mr. Michael Tabor, Mr. Derrick Smith and Mrs. John Magnier"
UNION RANKS,b.c.3,James A. Jerkens,Centennial Farms
UNTAMED DOMAIN,b.c.3,H. Graham Motion,"West Point Thoroughbreds, LLC"
V. I. P. CODE,ch.c.3,Phil Schoenthal,"Everest Stables, Inc."
VERVE'S HUMOR,ch.c.3,Barclay Tagg,Charles E. Fipke
VICTORY LANE,b.c.3,"Claude R. McGaughey, III",Lane's End Racing 
VINO ROSSO,ch.c.3,Todd A. Pletcher,Repole Stable and St. Elias Stable
VIOLENT STORM,ch.g.3,Brendan P. Walsh,New Direction Racing
VOUCH,dk b/.c.3,Arnaud Delacour,Lael Stables and Three Chimneys Farm
WALK IN THE SUN,b.c.3,Jeremy Noseda,"Phoenix Thoroughbred, LTD"
WATSCHEN,ch.c.3,Patrick L. Biancone,Amy E. Dunne and D P Racing LLC
WESTERDALE,dk b/.r.3,Thomas Morley,"T. Morley, M. Lyden, J. Zaro, P. Braverman and Imaginary Stables"
WHERESHETOLDMETOGO,ch.c.3,Anthony Pecoraro,"Black Cloud Stable, LLC"
WILD POPIT,ch.c.3,Randy L. Morse,"DD Stables, LLC"
WISDOM AN WAR,dk b/.c.3,Ron Moquett,JoAnn and Alex Lieblong
WISELY,dk b/.c.3,Mark A. Hennig,Lee Lewis
WONDER GADOT,dk b/.f.3,Mark E. Casse,Gary Barber
WORK AND LOVE (JPN),ch.c.3,Hidetaka Tadokoro,Sachiaki Kobayashi
WORLD OF TROUBLE,b.c.3,Jason Servis,"Michael Dubb, et al."
WYATT'S TOWN,b.c.3,Steven M. Asmussen,"Winchell Thoroughbreds, LLC and Willis Horton Racing, LLC"
YEAR OF THE KITTEN,dk b/.c.3,Michael J. Maker,Kenneth L. and Sarah K. Ramsey
YEEHAW,ch.c.3,Patrick L. Biancone,Gus King
ZATTER,b.c.3,Bob Baffert,"Zayat Stables, LLC"
ZING ZANG,gr/ro.c.3,Steven M. Asmussen,Jackpot Farm
ZULFIKHAR,b.c.3,Bob Baffert,Sheikh Mohammed bin Khalifa al Maktoum